exchange,market,date_kst,candle_date_time_kst,candle_date_time_utc,opening_price,high_price,low_price,trade_price,candle_acc_trade_volume,candle_acc_trade_price,timestamp
upbit,KRW-USDC,2025-01-01,2025-01-01T09:00:00,2025-01-01T00:00:00,1492.0,1504.0,1490.0,1495.0,785897.70381833,1177011379.5318444,1735775942870
upbit,KRW-USDC,2025-01-02,2025-01-02T09:00:00,2025-01-02T00:00:00,1495.0,1501.0,1480.0,1486.0,1385641.73309397,2063825558.979118,1735862399980
upbit,KRW-USDC,2025-01-03,2025-01-03T09:00:00,2025-01-03T00:00:00,1485.0,1488.0,1473.0,1475.0,2563983.37286769,3791706890.357753,1735948797996
upbit,KRW-USDC,2025-01-04,2025-01-04T09:00:00,2025-01-04T00:00:00,1474.0,1481.0,1472.0,1474.0,1596160.54450715,2356053628.3615403,1736035197127
upbit,KRW-USDC,2025-01-05,2025-01-05T09:00:00,2025-01-05T00:00:00,1474.0,1478.0,1471.0,1473.0,1890277.89282174,2786136132.2347364,1736121551927
upbit,KRW-USDC,2025-01-06,2025-01-06T09:00:00,2025-01-06T00:00:00,1472.0,1478.0,1461.0,1469.0,2044832.42331902,3006612359.867907,1736207987816
upbit,KRW-USDC,2025-01-07,2025-01-07T09:00:00,2025-01-07T00:00:00,1469.0,1500.0,1460.0,1495.0,3377003.30467274,4998051397.413326,1736294399864
upbit,KRW-USDC,2025-01-08,2025-01-08T09:00:00,2025-01-08T00:00:00,1496.0,1521.0,1483.0,1500.0,2762658.43501708,4132368705.4891315,1736380797121
upbit,KRW-USDC,2025-01-09,2025-01-09T09:00:00,2025-01-09T00:00:00,1498.0,1530.0,1491.0,1513.0,2089969.43889645,3142825119.4059715,1736467196005
upbit,KRW-USDC,2025-01-10,2025-01-10T09:00:00,2025-01-10T00:00:00,1514.0,1520.0,1499.0,1506.0,1569323.96399578,2370115138.4305844,1736553509251
upbit,KRW-USDC,2025-01-11,2025-01-11T09:00:00,2025-01-11T00:00:00,1506.0,1511.0,1494.0,1497.0,830336.43569642,1248208927.2970643,1736640000013
upbit,KRW-USDC,2025-01-12,2025-01-12T09:00:00,2025-01-12T00:00:00,1498.0,1509.0,1496.0,1505.0,810248.39755864,1216964704.180043,1736726398063
upbit,KRW-USDC,2025-01-13,2025-01-13T09:00:00,2025-01-13T00:00:00,1505.0,1540.0,1496.0,1506.0,3858100.5865862,5840389694.430108,1736812798875
upbit,KRW-USDC,2025-01-14,2025-01-14T09:00:00,2025-01-14T00:00:00,1507.0,1513.0,1485.0,1487.0,3193048.99374249,4783595798.037581,1736899195101
upbit,KRW-USDC,2025-01-15,2025-01-15T09:00:00,2025-01-15T00:00:00,1487.0,1492.0,1462.0,1466.0,3010350.75289731,4449259382.3661175,1736985598234
upbit,KRW-USDC,2025-01-16,2025-01-16T09:00:00,2025-01-16T00:00:00,1466.0,1481.0,1460.0,1470.0,3073542.56334209,4518360947.369296,1737071958286
upbit,KRW-USDC,2025-01-17,2025-01-17T09:00:00,2025-01-17T00:00:00,1468.0,1480.0,1465.0,1466.0,3029228.44320454,4459985315.744802,1737158396255
upbit,KRW-USDC,2025-01-18,2025-01-18T09:00:00,2025-01-18T00:00:00,1466.0,1504.0,1465.0,1491.0,4305029.05637234,6401610180.680942,1737244798949
upbit,KRW-USDC,2025-01-19,2025-01-19T09:00:00,2025-01-19T00:00:00,1491.0,1533.0,1486.0,1523.0,3973082.72619189,6002366260.20576,1737331190589
upbit,KRW-USDC,2025-01-20,2025-01-20T09:00:00,2025-01-20T00:00:00,1523.0,1538.0,1486.0,1502.0,3241902.36563585,4891170404.446966,1737417591474
upbit,KRW-USDC,2025-01-21,2025-01-21T09:00:00,2025-01-21T00:00:00,1499.0,1514.0,1477.0,1484.0,2578312.22065775,3861135727.0905886,1737503994084
upbit,KRW-USDC,2025-01-22,2025-01-22T09:00:00,2025-01-22T00:00:00,1485.0,1498.0,1480.0,1496.0,1520573.97167795,2262488328.4249043,1737590395310
upbit,KRW-USDC,2025-01-23,2025-01-23T09:00:00,2025-01-23T00:00:00,1496.0,1504.0,1486.0,1491.0,1958672.15233451,2929537408.7791367,1737676748733
upbit,KRW-USDC,2025-01-24,2025-01-24T09:00:00,2025-01-24T00:00:00,1492.0,1520.0,1486.0,1502.0,3677551.16261118,5508746186.054776,1737763087010
upbit,KRW-USDC,2025-01-25,2025-01-25T09:00:00,2025-01-25T00:00:00,1502.0,1514.0,1495.0,1501.0,2024905.06332562,3047821911.2335296,1737849561202
upbit,KRW-USDC,2025-01-26,2025-01-26T09:00:00,2025-01-26T00:00:00,1500.0,1528.0,1495.0,1526.0,1373218.05851388,2064437718.0955875,1737935986530
upbit,KRW-USDC,2025-01-27,2025-01-27T09:00:00,2025-01-27T00:00:00,1526.0,1556.0,1509.0,1518.0,3606748.98071967,5537322086.299859,1738022393841
upbit,KRW-USDC,2025-01-28,2025-01-28T09:00:00,2025-01-28T00:00:00,1520.0,1550.0,1509.0,1541.0,1710646.8786749,2603029582.16076,1738108780113
upbit,KRW-USDC,2025-01-29,2025-01-29T09:00:00,2025-01-29T00:00:00,1543.0,1553.0,1520.0,1534.0,1225329.67217088,1879321990.4548004,1738195187484
upbit,KRW-USDC,2025-01-30,2025-01-30T09:00:00,2025-01-30T00:00:00,1533.0,1539.0,1506.0,1508.0,2131640.13742973,3231781005.9491186,1738281593636
upbit,KRW-USDC,2025-01-31,2025-01-31T09:00:00,2025-01-31T00:00:00,1509.0,1537.0,1507.0,1529.0,2942579.74230548,4466472418.040992,1738367978248
upbit,KRW-USDC,2025-02-01,2025-02-01T09:00:00,2025-02-01T00:00:00,1530.0,1570.0,1525.0,1567.0,1437671.51175116,2219222017.449175,1738454396407
upbit,KRW-USDC,2025-02-02,2025-02-02T09:00:00,2025-02-02T00:00:00,1567.0,1607.0,1552.0,1578.0,2288451.01450754,3608133238.2532234,1738540798815
upbit,KRW-USDC,2025-02-03,2025-02-03T09:00:00,2025-02-03T00:00:00,1579.0,1689.0,1558.0,1561.0,7192725.67039664,11473984409.118343,1738627188107
upbit,KRW-USDC,2025-02-04,2025-02-04T09:00:00,2025-02-04T00:00:00,1560.0,1591.0,1546.0,1574.0,2482519.72085376,3881695987.4486256,1738713599447
upbit,KRW-USDC,2025-02-05,2025-02-05T09:00:00,2025-02-05T00:00:00,1576.0,1577.0,1556.0,1567.0,1290834.62010245,2019766154.359861,1738799989092
upbit,KRW-USDC,2025-02-06,2025-02-06T09:00:00,2025-02-06T00:00:00,1567.0,1570.0,1549.0,1568.0,1268757.64604407,1976734723.2345064,1738886399942
upbit,KRW-USDC,2025-02-07,2025-02-07T09:00:00,2025-02-07T00:00:00,1568.0,1568.0,1531.0,1549.0,1911105.19080283,2950536385.846401,1738972790914
upbit,KRW-USDC,2025-02-08,2025-02-08T09:00:00,2025-02-08T00:00:00,1549.0,1551.0,1538.0,1542.0,1027839.6293183,1587007591.5300083,1739059192281
upbit,KRW-USDC,2025-02-09,2025-02-09T09:00:00,2025-02-09T00:00:00,1542.0,1545.0,1529.0,1531.0,1359443.91025167,2086527539.3938425,1739145596349
upbit,KRW-USDC,2025-02-10,2025-02-10T09:00:00,2025-02-10T00:00:00,1530.0,1532.0,1511.0,1516.0,2061976.47653528,3133270118.2558007,1739231905326
upbit,KRW-USDC,2025-02-11,2025-02-11T09:00:00,2025-02-11T00:00:00,1516.0,1530.0,1506.0,1526.0,2111520.12802925,3201294190.2060413,1739318358556
upbit,KRW-USDC,2025-02-12,2025-02-12T09:00:00,2025-02-12T00:00:00,1525.0,1527.0,1509.0,1511.0,2712380.16516113,4116397048.644504,1739404759324
upbit,KRW-USDC,2025-02-13,2025-02-13T09:00:00,2025-02-13T00:00:00,1511.0,1518.0,1506.0,1509.0,2431927.527508,3676519610.021956,1739491120877
upbit,KRW-USDC,2025-02-14,2025-02-14T09:00:00,2025-02-14T00:00:00,1509.0,1509.0,1497.0,1504.0,3355751.2045769,5045890195.13422,1739577596542
upbit,KRW-USDC,2025-02-15,2025-02-15T09:00:00,2025-02-15T00:00:00,1504.0,1513.0,1502.0,1511.0,2370072.70534489,3571827871.5513334,1739663968451
upbit,KRW-USDC,2025-02-16,2025-02-16T09:00:00,2025-02-16T00:00:00,1511.0,1514.0,1504.0,1514.0,2258583.50354865,3407759398.6394277,1739750387793
upbit,KRW-USDC,2025-02-17,2025-02-17T09:00:00,2025-02-17T00:00:00,1514.0,1515.0,1503.0,1507.0,3026802.62134287,4568425587.837163,1739836734619
upbit,KRW-USDC,2025-02-18,2025-02-18T09:00:00,2025-02-18T00:00:00,1507.0,1514.0,1503.0,1505.0,4095216.5809027,6176426885.134849,1739923184831
upbit,KRW-USDC,2025-02-19,2025-02-19T09:00:00,2025-02-19T00:00:00,1505.0,1506.0,1491.0,1495.0,2022675.87653368,3024955987.166506,1740009383275
upbit,KRW-USDC,2025-02-20,2025-02-20T09:00:00,2025-02-20T00:00:00,1494.0,1495.0,1478.0,1481.0,2641079.1130497,3920246237.8497677,1740095948297
upbit,KRW-USDC,2025-02-21,2025-02-21T09:00:00,2025-02-21T00:00:00,1481.0,1494.0,1470.0,1486.0,4770201.13013256,7053762985.083733,1740182331684
upbit,KRW-USDC,2025-02-22,2025-02-22T09:00:00,2025-02-22T00:00:00,1485.0,1487.0,1471.0,1474.0,1321826.64652027,1953015738.3798227,1740268757950
upbit,KRW-USDC,2025-02-23,2025-02-23T09:00:00,2025-02-23T00:00:00,1473.0,1476.0,1465.0,1467.0,994733.43970134,1462178667.0361245,1740354901604
upbit,KRW-USDC,2025-02-24,2025-02-24T09:00:00,2025-02-24T00:00:00,1467.0,1469.0,1443.0,1445.0,2659147.32458625,3871798578.497465,1740441592850
upbit,KRW-USDC,2025-02-25,2025-02-25T09:00:00,2025-02-25T00:00:00,1446.0,1463.0,1437.0,1463.0,4084958.01018676,5922130757.249976,1740527920326
upbit,KRW-USDC,2025-02-26,2025-02-26T09:00:00,2025-02-26T00:00:00,1461.0,1469.0,1446.0,1459.0,2210378.74153619,3218209411.113958,1740614368982
upbit,KRW-USDC,2025-02-27,2025-02-27T09:00:00,2025-02-27T00:00:00,1459.0,1476.0,1453.0,1468.0,2029721.74144634,2972275946.61244,1740700591550
upbit,KRW-USDC,2025-02-28,2025-02-28T09:00:00,2025-02-28T00:00:00,1469.0,1495.0,1466.0,1476.0,3411682.12150998,5057402302.047026,1740787179386
upbit,KRW-USDC,2025-03-01,2025-03-01T09:00:00,2025-03-01T00:00:00,1475.0,1500.0,1473.0,1490.0,881869.69467476,1310567001.7688966,1740873586699
upbit,KRW-USDC,2025-03-02,2025-03-02T09:00:00,2025-03-02T00:00:00,1489.0,1513.0,1480.0,1513.0,1851484.2078824,2762095458.6794906,1740959995976
upbit,KRW-USDC,2025-03-03,2025-03-03T09:00:00,2025-03-03T00:00:00,1513.0,1526.0,1484.0,1511.0,1986094.43609737,2987016954.057788,1741046386810
upbit,KRW-USDC,2025-03-04,2025-03-04T09:00:00,2025-03-04T00:00:00,1511.0,1519.0,1496.0,1496.0,1707860.69602499,2573428961.7817035,1741132563422
upbit,KRW-USDC,2025-03-05,2025-03-05T09:00:00,2025-03-05T00:00:00,1496.0,1504.0,1490.0,1490.0,1343430.97783049,2010427931.8439403,1741219161585
upbit,KRW-USDC,2025-03-06,2025-03-06T09:00:00,2025-03-06T00:00:00,1490.0,1495.0,1482.0,1489.0,594113.40857946,883967432.8971945,1741305271574
upbit,KRW-USDC,2025-03-07,2025-03-07T09:00:00,2025-03-07T00:00:00,1489.0,1506.0,1483.0,1494.0,1348030.70248583,2013228680.5760353,1741391948306
upbit,KRW-USDC,2025-03-08,2025-03-08T09:00:00,2025-03-08T00:00:00,1494.0,1498.0,1487.0,1491.0,448090.04781919,668627313.6725628,1741478334695
upbit,KRW-USDC,2025-03-09,2025-03-09T09:00:00,2025-03-09T00:00:00,1493.0,1502.0,1484.0,1501.0,892249.49220688,1331812151.6919963,1741564793352
upbit,KRW-USDC,2025-03-10,2025-03-10T09:00:00,2025-03-10T00:00:00,1501.0,1505.0,1484.0,1495.0,1402855.66094944,2093626993.4258385,1741651197584
upbit,KRW-USDC,2025-03-11,2025-03-11T09:00:00,2025-03-11T00:00:00,1497.0,1507.0,1481.0,1484.0,1417230.51646585,2112198082.567833,1741737592119
upbit,KRW-USDC,2025-03-12,2025-03-12T09:00:00,2025-03-12T00:00:00,1486.0,1492.0,1480.0,1481.0,1853940.52139127,2756339151.8001065,1741823984968
upbit,KRW-USDC,2025-03-13,2025-03-13T09:00:00,2025-03-13T00:00:00,1481.0,1489.0,1477.0,1481.0,742729.1425384,1100625185.1929047,1741910196145
upbit,KRW-USDC,2025-03-14,2025-03-14T09:00:00,2025-03-14T00:00:00,1481.0,1484.0,1471.0,1473.0,567051.61935104,836965178.1736814,1741996750814
upbit,KRW-USDC,2025-03-15,2025-03-15T09:00:00,2025-03-15T00:00:00,1473.0,1478.0,1470.0,1471.0,362494.7493537,534254212.5219751,1742083146811
upbit,KRW-USDC,2025-03-16,2025-03-16T09:00:00,2025-03-16T00:00:00,1473.0,1476.0,1468.0,1475.0,474031.0409469,697823580.9764371,1742169561549
upbit,KRW-USDC,2025-03-17,2025-03-17T09:00:00,2025-03-17T00:00:00,1475.0,1479.0,1460.0,1461.0,976156.79480234,1432211671.178347,1742255572899
upbit,KRW-USDC,2025-03-18,2025-03-18T09:00:00,2025-03-18T00:00:00,1461.0,1475.0,1460.0,1466.0,508924.56206175,746801500.1074862,1742342335932
upbit,KRW-USDC,2025-03-19,2025-03-19T09:00:00,2025-03-19T00:00:00,1466.0,1472.0,1463.0,1466.0,932081.76459331,1366771878.947189,1742428798100
upbit,KRW-USDC,2025-03-20,2025-03-20T09:00:00,2025-03-20T00:00:00,1466.0,1482.0,1461.0,1477.0,1000960.06555685,1473861659.1283808,1742514978951
upbit,KRW-USDC,2025-03-21,2025-03-21T09:00:00,2025-03-21T00:00:00,1477.0,1483.0,1473.0,1483.0,466277.63511033,689881880.1940901,1742601284532
upbit,KRW-USDC,2025-03-22,2025-03-22T09:00:00,2025-03-22T00:00:00,1483.0,1483.0,1474.5,1480.0,408045.37634976,603342158.1121322,1742687923652
upbit,KRW-USDC,2025-03-23,2025-03-23T09:00:00,2025-03-23T00:00:00,1482.0,1482.5,1475.0,1475.5,424710.94139183,627839387.0045686,1742774384200
upbit,KRW-USDC,2025-03-24,2025-03-24T09:00:00,2025-03-24T00:00:00,1475.5,1479.0,1471.5,1472.5,587894.13247407,866980162.6732404,1742860669169
upbit,KRW-USDC,2025-03-25,2025-03-25T09:00:00,2025-03-25T00:00:00,1472.5,1479.0,1470.0,1474.0,770998.9906596,1136928275.9198349,1742947076289
upbit,KRW-USDC,2025-03-26,2025-03-26T09:00:00,2025-03-26T00:00:00,1474.0,1481.5,1472.0,1480.0,656727.51720432,968885776.1236463,1743033598403
upbit,KRW-USDC,2025-03-27,2025-03-27T09:00:00,2025-03-27T00:00:00,1480.0,1481.0,1474.0,1476.0,376519.15466056,556434366.3436676,1743119997334
upbit,KRW-USDC,2025-03-28,2025-03-28T09:00:00,2025-03-28T00:00:00,1476.0,1494.0,1475.0,1493.5,1446765.22397688,2147173931.1159046,1743206398753
upbit,KRW-USDC,2025-03-29,2025-03-29T09:00:00,2025-03-29T00:00:00,1493.0,1496.5,1481.5,1494.0,772405.32613564,1150252614.2485397,1743292751086
upbit,KRW-USDC,2025-03-30,2025-03-30T09:00:00,2025-03-30T00:00:00,1492.0,1500.0,1490.0,1495.0,744148.34253894,1113018067.274187,1743378937740
upbit,KRW-USDC,2025-03-31,2025-03-31T09:00:00,2025-03-31T00:00:00,1495.0,1497.0,1486.0,1492.0,563745.62744781,840022960.2140255,1743465452829
upbit,KRW-USDC,2025-04-01,2025-04-01T09:00:00,2025-04-01T00:00:00,1492.0,1494.0,1482.0,1484.0,1141776.97679207,1697763691.1672099,1743551763256
upbit,KRW-USDC,2025-04-02,2025-04-02T09:00:00,2025-04-02T00:00:00,1487.0,1493.0,1473.5,1488.5,1029211.13887916,1526808259.3097885,1743638392614
upbit,KRW-USDC,2025-04-03,2025-04-03T09:00:00,2025-04-03T00:00:00,1491.0,1491.0,1480.5,1482.5,1025436.07089568,1524194184.0732555,1743724782011
upbit,KRW-USDC,2025-04-04,2025-04-04T09:00:00,2025-04-04T00:00:00,1482.5,1484.0,1467.0,1471.5,1366547.07322451,2013910479.1891685,1743811193836
upbit,KRW-USDC,2025-04-05,2025-04-05T09:00:00,2025-04-05T00:00:00,1471.0,1482.0,1471.0,1477.0,266752.28806524,394076869.5108721,1743897332858
upbit,KRW-USDC,2025-04-06,2025-04-06T09:00:00,2025-04-06T00:00:00,1478.5,1503.0,1476.0,1502.0,1170656.09291098,1745112967.037609,1743983993107
upbit,KRW-USDC,2025-04-07,2025-04-07T09:00:00,2025-04-07T00:00:00,1501.0,1508.0,1486.0,1489.0,1131630.79405039,1695095544.5776982,1744070386270
upbit,KRW-USDC,2025-04-08,2025-04-08T09:00:00,2025-04-08T00:00:00,1492.0,1505.0,1488.0,1503.0,929347.70119009,1387599299.9084616,1744156737679
upbit,KRW-USDC,2025-04-09,2025-04-09T09:00:00,2025-04-09T00:00:00,1503.0,1510.0,1469.5,1471.0,1835141.91482041,2736230199.2136903,1744243193929
upbit,KRW-USDC,2025-04-10,2025-04-10T09:00:00,2025-04-10T00:00:00,1472.0,1491.0,1470.0,1480.0,809354.29653894,1199022745.8330753,1744329429794
upbit,KRW-USDC,2025-04-11,2025-04-11T09:00:00,2025-04-11T00:00:00,1480.0,1484.5,1450.0,1456.5,1160148.45645114,1701962773.7465925,1744415701277
upbit,KRW-USDC,2025-04-12,2025-04-12T09:00:00,2025-04-12T00:00:00,1456.5,1462.5,1443.5,1447.5,527376.11887793,765435012.27256,1744502254139
upbit,KRW-USDC,2025-04-13,2025-04-13T09:00:00,2025-04-13T00:00:00,1447.5,1459.0,1445.5,1454.0,528721.99795055,768142745.8245959,1744588795214
upbit,KRW-USDC,2025-04-14,2025-04-14T09:00:00,2025-04-14T00:00:00,1452.0,1455.0,1445.5,1450.0,592004.78079422,858603123.0276886,1744674902730
upbit,KRW-USDC,2025-04-15,2025-04-15T09:00:00,2025-04-15T00:00:00,1452.0,1462.0,1445.5,1462.0,562063.29208112,815720040.1640674,1744761521036
upbit,KRW-USDC,2025-04-16,2025-04-16T09:00:00,2025-04-16T00:00:00,1462.0,1462.5,1447.0,1453.0,371993.70610254,540478957.192426,1744847874411
upbit,KRW-USDC,2025-04-17,2025-04-17T09:00:00,2025-04-17T00:00:00,1452.0,1453.0,1443.0,1445.0,392077.32801382,566959706.6090208,1744934366283
upbit,KRW-USDC,2025-04-18,2025-04-18T09:00:00,2025-04-18T00:00:00,1445.0,1451.0,1443.0,1448.0,293717.49523832,425235372.110171,1745020754410
upbit,KRW-USDC,2025-04-19,2025-04-19T09:00:00,2025-04-19T00:00:00,1446.0,1450.5,1442.0,1445.0,236540.28499641,341724951.82279205,1745107026143
upbit,KRW-USDC,2025-04-20,2025-04-20T09:00:00,2025-04-20T00:00:00,1442.0,1448.5,1442.0,1443.0,227997.82206994,329403708.1012936,1745193576512
upbit,KRW-USDC,2025-04-21,2025-04-21T09:00:00,2025-04-21T00:00:00,1442.0,1442.0,1430.5,1441.5,502456.17056152,721524959.9983283,1745279817039
upbit,KRW-USDC,2025-04-22,2025-04-22T09:00:00,2025-04-22T00:00:00,1439.5,1443.5,1428.5,1432.0,660782.95247534,948109111.6939396,1745366392291
upbit,KRW-USDC,2025-04-23,2025-04-23T09:00:00,2025-04-23T00:00:00,1432.0,1436.0,1426.5,1433.0,872087.90466685,1248463688.1728313,1745452799738
upbit,KRW-USDC,2025-04-24,2025-04-24T09:00:00,2025-04-24T00:00:00,1432.0,1442.5,1430.0,1433.5,515278.28634368,739970661.9293464,1745539173666
upbit,KRW-USDC,2025-04-25,2025-04-25T09:00:00,2025-04-25T00:00:00,1433.5,1445.0,1433.5,1444.0,476295.7482636,686076884.067044,1745625442005
upbit,KRW-USDC,2025-04-26,2025-04-26T09:00:00,2025-04-26T00:00:00,1441.5,1444.0,1437.0,1443.5,284238.14502746,409486226.184779,1745711774917
upbit,KRW-USDC,2025-04-27,2025-04-27T09:00:00,2025-04-27T00:00:00,1443.0,1448.0,1439.0,1440.5,460417.16328727,665141338.1218189,1745798245445
upbit,KRW-USDC,2025-04-28,2025-04-28T09:00:00,2025-04-28T00:00:00,1442.0,1446.0,1437.5,1442.0,482978.48310064,695966388.9227606,1745884771936
upbit,KRW-USDC,2025-04-29,2025-04-29T09:00:00,2025-04-29T00:00:00,1442.0,1447.5,1437.5,1444.0,571776.55998443,824561228.3477991,1745971189246
upbit,KRW-USDC,2025-04-30,2025-04-30T09:00:00,2025-04-30T00:00:00,1447.0,1447.0,1435.5,1443.0,590047.26907969,850035420.5568379,1746057404989
upbit,KRW-USDC,2025-05-01,2025-05-01T09:00:00,2025-05-01T00:00:00,1445.0,1445.0,1437.5,1439.5,445682.07927857,642085351.0027814,1746143840539
upbit,KRW-USDC,2025-05-02,2025-05-02T09:00:00,2025-05-02T00:00:00,1440.0,1446.5,1421.0,1428.5,938323.63827876,1345544373.7968814,1746230143588
upbit,KRW-USDC,2025-05-03,2025-05-03T09:00:00,2025-05-03T00:00:00,1429.0,1436.0,1424.0,1435.0,334490.96591865,478475415.42801565,1746316756100
upbit,KRW-USDC,2025-05-04,2025-05-04T09:00:00,2025-05-04T00:00:00,1435.0,1440.0,1430.5,1440.0,335975.6971934,482478003.3947723,1746403196499
upbit,KRW-USDC,2025-05-05,2025-05-05T09:00:00,2025-05-05T00:00:00,1437.0,1440.0,1415.0,1425.5,344281.74452093,490152146.2011096,1746489596225
upbit,KRW-USDC,2025-05-06,2025-05-06T09:00:00,2025-05-06T00:00:00,1425.5,1431.0,1416.5,1421.0,329471.38874747,469252513.92230177,1746575994178
upbit,KRW-USDC,2025-05-07,2025-05-07T09:00:00,2025-05-07T00:00:00,1421.0,1423.0,1415.0,1420.0,463798.81266325,657862690.46528,1746662314178
upbit,KRW-USDC,2025-05-08,2025-05-08T09:00:00,2025-05-08T00:00:00,1423.0,1423.0,1398.5,1402.5,1260229.53204615,1771781756.6133323,1746748779051
upbit,KRW-USDC,2025-05-09,2025-05-09T09:00:00,2025-05-09T00:00:00,1404.0,1412.0,1395.5,1395.5,1387992.65652331,1946676439.6650388,1746835174810
upbit,KRW-USDC,2025-05-10,2025-05-10T09:00:00,2025-05-10T00:00:00,1397.0,1402.0,1384.5,1386.5,1187171.89378145,1652908371.361986,1746921589807
upbit,KRW-USDC,2025-05-11,2025-05-11T09:00:00,2025-05-11T00:00:00,1384.5,1402.0,1382.0,1398.5,1318337.46859285,1836322775.934216,1747007998078
upbit,KRW-USDC,2025-05-12,2025-05-12T09:00:00,2025-05-12T00:00:00,1398.5,1416.0,1391.0,1412.0,2231486.87407583,3131346526.828809,1747094174660
upbit,KRW-USDC,2025-05-13,2025-05-13T09:00:00,2025-05-13T00:00:00,1411.5,1416.0,1396.0,1402.0,1153476.45792889,1621900203.1075976,1747180763758
upbit,KRW-USDC,2025-05-14,2025-05-14T09:00:00,2025-05-14T00:00:00,1402.0,1412.0,1394.0,1408.0,878909.09926184,1234209246.9907413,1747267083980
upbit,KRW-USDC,2025-05-15,2025-05-15T09:00:00,2025-05-15T00:00:00,1410.0,1420.0,1405.0,1407.0,786325.88341924,1110635711.755016,1747353582418
upbit,KRW-USDC,2025-05-16,2025-05-16T09:00:00,2025-05-16T00:00:00,1407.0,1417.5,1400.0,1417.0,376717.9912402,530951697.9329814,1747439882370
upbit,KRW-USDC,2025-05-17,2025-05-17T09:00:00,2025-05-17T00:00:00,1417.0,1424.5,1414.0,1423.0,631366.50459737,895316261.4070369,1747526393702
upbit,KRW-USDC,2025-05-18,2025-05-18T09:00:00,2025-05-18T00:00:00,1420.0,1428.0,1411.5,1412.5,651577.59712168,925271583.2662001,1747612793043
upbit,KRW-USDC,2025-05-19,2025-05-19T09:00:00,2025-05-19T00:00:00,1412.5,1428.0,1407.0,1407.0,718331.23518152,1019445000.3927157,1747699187103
upbit,KRW-USDC,2025-05-20,2025-05-20T09:00:00,2025-05-20T00:00:00,1407.0,1418.0,1405.5,1407.5,720027.14382046,1016032552.6324317,1747785082234
upbit,KRW-USDC,2025-05-21,2025-05-21T09:00:00,2025-05-21T00:00:00,1410.0,1410.0,1385.5,1391.0,687687.74662844,961189783.5970904,1747871901552
upbit,KRW-USDC,2025-05-22,2025-05-22T09:00:00,2025-05-22T00:00:00,1391.0,1392.0,1384.5,1386.5,628653.04249909,873167056.191016,1747958396232
upbit,KRW-USDC,2025-05-23,2025-05-23T09:00:00,2025-05-23T00:00:00,1386.5,1399.5,1379.0,1397.5,1034608.76884216,1436954560.6131516,1748044779327
upbit,KRW-USDC,2025-05-24,2025-05-24T09:00:00,2025-05-24T00:00:00,1397.5,1400.0,1392.0,1397.0,412833.36702178,576328508.947059,1748131157412
upbit,KRW-USDC,2025-05-25,2025-05-25T09:00:00,2025-05-25T00:00:00,1397.0,1405.0,1395.0,1397.0,533579.05294474,747421102.20377,1748217160433
upbit,KRW-USDC,2025-05-26,2025-05-26T09:00:00,2025-05-26T00:00:00,1395.5,1397.5,1384.5,1389.0,359248.77727862,498794772.85397524,1748303766083
upbit,KRW-USDC,2025-05-27,2025-05-27T09:00:00,2025-05-27T00:00:00,1389.0,1392.5,1383.0,1389.0,496620.08251232,688424149.9300195,1748390256343
upbit,KRW-USDC,2025-05-28,2025-05-28T09:00:00,2025-05-28T00:00:00,1387.0,1399.0,1385.5,1395.0,641126.61949714,892879108.0026326,1748476576750
upbit,KRW-USDC,2025-05-29,2025-05-29T09:00:00,2025-05-29T00:00:00,1394.5,1398.0,1388.5,1394.5,471649.53954774,657300425.2555544,1748563105655
upbit,KRW-USDC,2025-05-30,2025-05-30T09:00:00,2025-05-30T00:00:00,1394.5,1416.0,1392.0,1416.0,751059.57948147,1054457612.1483501,1748649595170
upbit,KRW-USDC,2025-05-31,2025-05-31T09:00:00,2025-05-31T00:00:00,1416.0,1420.5,1410.5,1412.0,584199.90157947,827133478.4610366,1748735958477
upbit,KRW-USDC,2025-06-01,2025-06-01T09:00:00,2025-06-01T00:00:00,1414.0,1418.0,1409.0,1410.0,290139.89388401,410040779.5286689,1748822353034
upbit,KRW-USDC,2025-06-02,2025-06-02T09:00:00,2025-06-02T00:00:00,1410.0,1411.0,1398.5,1398.5,339082.83993917,475988110.12176156,1748908794752
upbit,KRW-USDC,2025-06-03,2025-06-03T09:00:00,2025-06-03T00:00:00,1398.5,1408.5,1392.5,1395.0,506727.16900167,707908180.8109778,1748995104535
upbit,KRW-USDC,2025-06-04,2025-06-04T09:00:00,2025-06-04T00:00:00,1397.0,1397.0,1385.0,1386.0,761769.883415,1058726714.393652,1749081547852
upbit,KRW-USDC,2025-06-05,2025-06-05T09:00:00,2025-06-05T00:00:00,1386.0,1401.5,1377.5,1394.0,867334.37517211,1204895090.3512166,1749167983333
upbit,KRW-USDC,2025-06-06,2025-06-06T09:00:00,2025-06-06T00:00:00,1394.0,1399.0,1385.5,1391.0,277545.40099409,386098819.8681321,1749254269867
upbit,KRW-USDC,2025-06-07,2025-06-07T09:00:00,2025-06-07T00:00:00,1391.0,1392.0,1383.5,1387.0,197306.37492019,274014083.06043607,1749340608284
upbit,KRW-USDC,2025-06-08,2025-06-08T09:00:00,2025-06-08T00:00:00,1388.0,1388.0,1377.5,1377.5,284206.23043194,392613082.1620998,1749427182507
upbit,KRW-USDC,2025-06-09,2025-06-09T09:00:00,2025-06-09T00:00:00,1377.5,1382.5,1362.5,1365.0,810550.66835317,1112822005.76067,1749513583310
upbit,KRW-USDC,2025-06-10,2025-06-10T09:00:00,2025-06-10T00:00:00,1364.0,1377.0,1363.0,1367.0,565680.02238063,774824260.807639,1749599996245
upbit,KRW-USDC,2025-06-11,2025-06-11T09:00:00,2025-06-11T00:00:00,1367.0,1380.0,1366.0,1379.0,523190.82082651,719664850.2168194,1749686385724
upbit,KRW-USDC,2025-06-12,2025-06-12T09:00:00,2025-06-12T00:00:00,1379.0,1381.5,1369.0,1377.5,411938.83805725,566306367.5123066,1749772771130
upbit,KRW-USDC,2025-06-13,2025-06-13T09:00:00,2025-06-13T00:00:00,1377.0,1394.5,1376.0,1390.0,884627.73617382,1229403412.4875894,1749858891728
upbit,KRW-USDC,2025-06-14,2025-06-14T09:00:00,2025-06-14T00:00:00,1390.0,1394.0,1372.0,1389.0,319157.33711473,442244372.0337002,1749945354396
upbit,KRW-USDC,2025-06-15,2025-06-15T09:00:00,2025-06-15T00:00:00,1389.0,1390.0,1370.0,1385.0,335710.92462198,464087857.04658794,1750031893685
upbit,KRW-USDC,2025-06-16,2025-06-16T09:00:00,2025-06-16T00:00:00,1383.0,1384.0,1369.5,1374.0,467323.09735745,641901161.244057,1750118233624
upbit,KRW-USDC,2025-06-17,2025-06-17T09:00:00,2025-06-17T00:00:00,1374.5,1393.0,1368.0,1389.0,570642.35118322,788209762.59593,1750204794203
upbit,KRW-USDC,2025-06-18,2025-06-18T09:00:00,2025-06-18T00:00:00,1392.0,1392.0,1380.5,1385.0,351108.3215294,487159980.6177605,1750291194135
upbit,KRW-USDC,2025-06-19,2025-06-19T09:00:00,2025-06-19T00:00:00,1387.0,1392.5,1382.0,1383.0,253617.29300719,352105315.49247426,1750377560496
upbit,KRW-USDC,2025-06-20,2025-06-20T09:00:00,2025-06-20T00:00:00,1386.0,1399.0,1377.0,1394.0,464083.13670667,644385557.1944513,1750463994704
upbit,KRW-USDC,2025-06-21,2025-06-21T09:00:00,2025-06-21T00:00:00,1394.0,1411.0,1389.0,1397.0,492503.89732851,688785598.885929,1750550376737
upbit,KRW-USDC,2025-06-22,2025-06-22T09:00:00,2025-06-22T00:00:00,1397.0,1403.0,1390.0,1396.0,900164.79028997,1256536512.2287977,1750636777652
upbit,KRW-USDC,2025-06-23,2025-06-23T09:00:00,2025-06-23T00:00:00,1396.0,1401.0,1377.0,1386.0,977357.2565315,1360933456.298836,1750723194840
upbit,KRW-USDC,2025-06-24,2025-06-24T09:00:00,2025-06-24T00:00:00,1386.0,1386.0,1373.0,1373.0,534635.96337992,737624863.8091033,1750809597292
upbit,KRW-USDC,2025-06-25,2025-06-25T09:00:00,2025-06-25T00:00:00,1373.0,1377.0,1370.0,1372.0,518726.66520129,712812214.5215673,1750895404374
upbit,KRW-USDC,2025-06-26,2025-06-26T09:00:00,2025-06-26T00:00:00,1372.0,1377.0,1368.0,1373.0,423455.76512157,580906412.2370439,1750981957612
upbit,KRW-USDC,2025-06-27,2025-06-27T09:00:00,2025-06-27T00:00:00,1373.0,1381.0,1366.0,1374.0,437270.619604,599853622.0574435,1751068606587
upbit,KRW-USDC,2025-06-28,2025-06-28T09:00:00,2025-06-28T00:00:00,1372.0,1376.0,1369.0,1369.5,133374.67338599,182968960.5347367,1751155156464
upbit,KRW-USDC,2025-06-29,2025-06-29T09:00:00,2025-06-29T00:00:00,1370.0,1373.5,1365.0,1365.5,256700.16087896,351453010.9354478,1751241590245
upbit,KRW-USDC,2025-06-30,2025-06-30T09:00:00,2025-06-30T00:00:00,1365.5,1368.0,1356.5,1357.5,476475.99025757,649626618.5956422,1751327751826
upbit,KRW-USDC,2025-07-01,2025-07-01T09:00:00,2025-07-01T00:00:00,1360.0,1375.5,1352.0,1374.0,430396.67398037,587688519.4231423,1751414398468
upbit,KRW-USDC,2025-07-02,2025-07-02T09:00:00,2025-07-02T00:00:00,1374.0,1374.0,1351.0,1352.0,721154.59271662,981543531.4634063,1751500462221
upbit,KRW-USDC,2025-07-03,2025-07-03T09:00:00,2025-07-03T00:00:00,1353.0,1363.5,1351.0,1357.5,549665.64772545,746365897.0187361,1751587157900
upbit,KRW-USDC,2025-07-04,2025-07-04T09:00:00,2025-07-04T00:00:00,1357.5,1370.0,1356.0,1369.0,332814.07095589,453610043.9225394,1751673598646
upbit,KRW-USDC,2025-07-05,2025-07-05T09:00:00,2025-07-05T00:00:00,1369.0,1371.5,1365.0,1369.0,296418.99687396,405694536.10914785,1751759979004
upbit,KRW-USDC,2025-07-06,2025-07-06T09:00:00,2025-07-06T00:00:00,1369.0,1370.0,1359.0,1359.5,376240.96341184,513183253.2546727,1751846335624
upbit,KRW-USDC,2025-07-07,2025-07-07T09:00:00,2025-07-07T00:00:00,1359.5,1370.0,1359.0,1368.0,346515.57769461,472492938.47960114,1751932798488
upbit,KRW-USDC,2025-07-08,2025-07-08T09:00:00,2025-07-08T00:00:00,1368.0,1369.5,1360.5,1361.0,512740.02727235,699474296.5676328,1752018953946
upbit,KRW-USDC,2025-07-09,2025-07-09T09:00:00,2025-07-09T00:00:00,1361.0,1366.5,1353.5,1356.5,735958.23011654,1000481663.947897,1752105529373
upbit,KRW-USDC,2025-07-10,2025-07-10T09:00:00,2025-07-10T00:00:00,1356.5,1363.5,1340.5,1350.5,1904962.9405491,2575621864.9568787,1752191904792
upbit,KRW-USDC,2025-07-11,2025-07-11T09:00:00,2025-07-11T00:00:00,1349.0,1360.0,1336.5,1346.0,2428991.8984203,3277292749.82186,1752278388387
upbit,KRW-USDC,2025-07-12,2025-07-12T09:00:00,2025-07-12T00:00:00,1346.5,1362.5,1340.5,1358.5,1518175.62457327,2053619564.8418407,1752364755854
upbit,KRW-USDC,2025-07-13,2025-07-13T09:00:00,2025-07-13T00:00:00,1360.5,1362.5,1349.0,1358.0,750525.43816423,1017748454.2061266,1752451124316
upbit,KRW-USDC,2025-07-14,2025-07-14T09:00:00,2025-07-14T00:00:00,1357.0,1369.5,1352.0,1367.5,1557036.59156263,2117362257.8596823,1752537566903
upbit,KRW-USDC,2025-07-15,2025-07-15T09:00:00,2025-07-15T00:00:00,1367.5,1375.0,1359.0,1366.0,1188554.18507853,1624868885.923796,1752623999398
upbit,KRW-USDC,2025-07-16,2025-07-16T09:00:00,2025-07-16T00:00:00,1366.0,1373.0,1355.0,1359.0,1502848.83266637,2050300602.7500105,1752710315560
upbit,KRW-USDC,2025-07-17,2025-07-17T09:00:00,2025-07-17T00:00:00,1358.0,1369.0,1354.0,1360.5,2173192.67586378,2958523334.192211,1752796765902
upbit,KRW-USDC,2025-07-18,2025-07-18T09:00:00,2025-07-18T00:00:00,1360.5,1370.0,1349.0,1367.5,4590412.11135054,6241145737.130252,1752883106397
upbit,KRW-USDC,2025-07-19,2025-07-19T09:00:00,2025-07-19T00:00:00,1365.0,1373.0,1365.0,1368.5,928536.03697328,1271263130.280292,1752969594149
upbit,KRW-USDC,2025-07-20,2025-07-20T09:00:00,2025-07-20T00:00:00,1370.0,1372.5,1357.5,1365.0,1943902.2524753,2651714738.595693,1753055998689
upbit,KRW-USDC,2025-07-21,2025-07-21T09:00:00,2025-07-21T00:00:00,1365.0,1370.5,1352.0,1363.5,3315612.00210244,4511182164.986665,1753142347097
upbit,KRW-USDC,2025-07-22,2025-07-22T09:00:00,2025-07-22T00:00:00,1363.5,1368.0,1354.0,1355.0,3340764.53444484,4551313722.460721,1753228667960
upbit,KRW-USDC,2025-07-23,2025-07-23T09:00:00,2025-07-23T00:00:00,1355.0,1368.5,1353.0,1364.0,2867173.96601398,3904020871.0287337,1753315199090
upbit,KRW-USDC,2025-07-24,2025-07-24T09:00:00,2025-07-24T00:00:00,1364.0,1368.0,1352.0,1360.5,2582128.31981432,3506629715.3700905,1753401560480
upbit,KRW-USDC,2025-07-25,2025-07-25T09:00:00,2025-07-25T00:00:00,1360.5,1377.0,1358.5,1362.5,2802806.62991457,3837395500.9725966,1753487987942
upbit,KRW-USDC,2025-07-26,2025-07-26T09:00:00,2025-07-26T00:00:00,1362.5,1367.0,1361.0,1366.0,672918.92738732,917337908.1352528,1753574370552
upbit,KRW-USDC,2025-07-27,2025-07-27T09:00:00,2025-07-27T00:00:00,1366.0,1367.0,1358.5,1362.0,1160697.2183224,1582076002.3928916,1753660755628
upbit,KRW-USDC,2025-07-28,2025-07-28T09:00:00,2025-07-28T00:00:00,1363.0,1380.5,1356.5,1376.5,2356747.23878112,3219669262.7514887,1753747132059
upbit,KRW-USDC,2025-07-29,2025-07-29T09:00:00,2025-07-29T00:00:00,1378.5,1387.5,1373.5,1384.5,1735238.35730869,2392870421.3904486,1753833595309
upbit,KRW-USDC,2025-07-30,2025-07-30T09:00:00,2025-07-30T00:00:00,1384.5,1401.0,1375.5,1386.0,1547463.36786738,2144724105.94602,1753919942661
upbit,KRW-USDC,2025-07-31,2025-07-31T09:00:00,2025-07-31T00:00:00,1386.0,1399.0,1376.0,1397.0,1230870.55352729,1705969893.6314888,1754006382274
upbit,KRW-USDC,2025-08-01,2025-08-01T09:00:00,2025-08-01T00:00:00,1394.0,1404.0,1384.0,1394.0,1519743.83054276,2119206112.085283,1754092772236
upbit,KRW-USDC,2025-08-02,2025-08-02T09:00:00,2025-08-02T00:00:00,1396.0,1412.0,1391.0,1401.0,1230857.4315912,1724737954.3075778,1754179112054
upbit,KRW-USDC,2025-08-03,2025-08-03T09:00:00,2025-08-03T00:00:00,1399.0,1404.0,1392.0,1404.0,639616.82787029,895315714.6945858,1754265532062
upbit,KRW-USDC,2025-08-04,2025-08-04T09:00:00,2025-08-04T00:00:00,1403.0,1405.0,1392.0,1393.0,506338.81349543,707159918.5158343,1754351985004
upbit,KRW-USDC,2025-08-05,2025-08-05T09:00:00,2025-08-05T00:00:00,1392.0,1406.0,1392.0,1402.0,858378.25199421,1200475972.7497692,1754438335107
upbit,KRW-USDC,2025-08-06,2025-08-06T09:00:00,2025-08-06T00:00:00,1404.0,1404.0,1391.0,1391.0,557128.39982317,778886466.0538095,1754524615553
upbit,KRW-USDC,2025-08-07,2025-08-07T09:00:00,2025-08-07T00:00:00,1391.0,1396.0,1374.0,1377.0,1576430.94888157,2182240041.304988,1754611197994
upbit,KRW-USDC,2025-08-08,2025-08-08T09:00:00,2025-08-08T00:00:00,1377.0,1382.0,1371.0,1372.0,1502536.98258102,2066904044.30695,1754697483491
upbit,KRW-USDC,2025-08-09,2025-08-09T09:00:00,2025-08-09T00:00:00,1372.0,1378.0,1370.0,1376.0,1795352.16786505,2464036024.81931,1754783979361
upbit,KRW-USDC,2025-08-10,2025-08-10T09:00:00,2025-08-10T00:00:00,1375.0,1381.0,1369.0,1373.0,1739213.92374594,2387923080.313553,1754869948046
upbit,KRW-USDC,2025-08-11,2025-08-11T09:00:00,2025-08-11T00:00:00,1373.0,1384.0,1364.0,1384.0,2669847.4521527,3667120030.9490542,1754956770682
upbit,KRW-USDC,2025-08-12,2025-08-12T09:00:00,2025-08-12T00:00:00,1384.0,1384.0,1364.0,1367.0,1825467.81421604,2506488926.6237645,1755043140995
upbit,KRW-USDC,2025-08-13,2025-08-13T09:00:00,2025-08-13T00:00:00,1369.0,1377.0,1360.0,1362.0,3298732.2372028,4506807329.574733,1755129482982
upbit,KRW-USDC,2025-08-14,2025-08-14T09:00:00,2025-08-14T00:00:00,1363.0,1393.0,1361.0,1392.0,5859164.56630425,8079487319.244601,1755215963023
upbit,KRW-USDC,2025-08-15,2025-08-15T09:00:00,2025-08-15T00:00:00,1392.0,1399.0,1384.0,1398.0,1719692.60086189,2394935427.8779263,1755302283576
upbit,KRW-USDC,2025-08-16,2025-08-16T09:00:00,2025-08-16T00:00:00,1398.0,1399.0,1383.0,1389.0,953513.7006261,1323761914.112065,1755388732136
upbit,KRW-USDC,2025-08-17,2025-08-17T09:00:00,2025-08-17T00:00:00,1389.0,1391.0,1380.0,1389.0,925701.35967485,1282272978.0607383,1755475106272
upbit,KRW-USDC,2025-08-18,2025-08-18T09:00:00,2025-08-18T00:00:00,1389.0,1400.0,1384.0,1389.0,1727980.42652989,2405226095.5507526,1755561419902
upbit,KRW-USDC,2025-08-19,2025-08-19T09:00:00,2025-08-19T00:00:00,1389.0,1402.0,1382.0,1392.0,1666391.55404267,2322703174.3681445,1755647939610
upbit,KRW-USDC,2025-08-20,2025-08-20T09:00:00,2025-08-20T00:00:00,1394.0,1405.0,1389.0,1393.0,1763112.1593428,2464805332.167917,1755734389199
upbit,KRW-USDC,2025-08-21,2025-08-21T09:00:00,2025-08-21T00:00:00,1392.0,1406.0,1392.0,1403.0,1324087.22221861,1849970438.0728648,1755820790152
upbit,KRW-USDC,2025-08-22,2025-08-22T09:00:00,2025-08-22T00:00:00,1404.0,1410.0,1375.0,1380.0,3080144.30694457,4280213099.562429,1755907175886
upbit,KRW-USDC,2025-08-23,2025-08-23T09:00:00,2025-08-23T00:00:00,1380.0,1388.0,1373.0,1384.0,1438256.04127121,1985539296.9608912,1755993334875
upbit,KRW-USDC,2025-08-24,2025-08-24T09:00:00,2025-08-24T00:00:00,1384.0,1394.0,1378.0,1390.0,1387184.80634005,1924475718.2514336,1756079993150
upbit,KRW-USDC,2025-08-25,2025-08-25T09:00:00,2025-08-25T00:00:00,1390.0,1423.0,1387.0,1417.0,2350202.16462867,3305731652.228811,1756166399502
upbit,KRW-USDC,2025-08-26,2025-08-26T09:00:00,2025-08-26T00:00:00,1415.0,1417.0,1396.0,1401.0,1282652.52934384,1808470277.2205498,1756252772215
upbit,KRW-USDC,2025-08-27,2025-08-27T09:00:00,2025-08-27T00:00:00,1400.0,1406.0,1392.0,1400.0,1324963.21319985,1852001590.832402,1756339072071
upbit,KRW-USDC,2025-08-28,2025-08-28T09:00:00,2025-08-28T00:00:00,1400.0,1404.0,1389.0,1394.0,1406730.02552945,1961573842.1101687,1756425414257
upbit,KRW-USDC,2025-08-29,2025-08-29T09:00:00,2025-08-29T00:00:00,1394.0,1416.0,1391.0,1405.0,4204979.2453262,5876576952.50679,1756511999454
upbit,KRW-USDC,2025-08-30,2025-08-30T09:00:00,2025-08-30T00:00:00,1403.0,1406.0,1392.0,1394.0,1405563.27259367,1961851347.612035,1756598387005
upbit,KRW-USDC,2025-08-31,2025-08-31T09:00:00,2025-08-31T00:00:00,1394.0,1399.0,1388.0,1394.0,1262228.4719357,1756433504.5582201,1756684777210
upbit,KRW-USDC,2025-09-01,2025-09-01T09:00:00,2025-09-01T00:00:00,1394.0,1401.0,1387.0,1396.0,2238472.24915429,3116823755.121359,1756770708468
upbit,KRW-USDC,2025-09-02,2025-09-02T09:00:00,2025-09-02T00:00:00,1395.0,1397.0,1387.0,1393.0,1796777.1919523,2500235563.589768,1756857483164
upbit,KRW-USDC,2025-09-03,2025-09-03T09:00:00,2025-09-03T00:00:00,1393.0,1396.0,1385.0,1386.0,2508251.35082984,3484887644.6988587,1756943965775
upbit,KRW-USDC,2025-09-04,2025-09-04T09:00:00,2025-09-04T00:00:00,1385.0,1405.0,1385.0,1404.0,3128930.24712517,4370798954.500556,1757030396156
upbit,KRW-USDC,2025-09-05,2025-09-05T09:00:00,2025-09-05T00:00:00,1403.0,1404.0,1391.0,1400.0,1454862.67656056,2031403208.01215,1757116758422
upbit,KRW-USDC,2025-09-06,2025-09-06T09:00:00,2025-09-06T00:00:00,1399.0,1405.0,1398.0,1401.0,712923.7209127,999244833.6144902,1757202850488
upbit,KRW-USDC,2025-09-07,2025-09-07T09:00:00,2025-09-07T00:00:00,1402.0,1402.0,1391.0,1394.0,1154779.35226933,1613207426.7930398,1757289594434
upbit,KRW-USDC,2025-09-08,2025-09-08T09:00:00,2025-09-08T00:00:00,1395.0,1399.0,1388.0,1391.0,1570054.93848104,2186569781.5166397,1757375883710
upbit,KRW-USDC,2025-09-09,2025-09-09T09:00:00,2025-09-09T00:00:00,1391.0,1396.0,1386.0,1392.0,1717005.67814579,2387148365.014025,1757462312475
upbit,KRW-USDC,2025-09-10,2025-09-10T09:00:00,2025-09-10T00:00:00,1393.0,1396.0,1387.0,1393.0,1256394.16995524,1747457027.3814301,1757548641239
upbit,KRW-USDC,2025-09-11,2025-09-11T09:00:00,2025-09-11T00:00:00,1393.0,1395.0,1388.0,1390.0,1603826.42319835,2231879315.775353,1757635194666
upbit,KRW-USDC,2025-09-12,2025-09-12T09:00:00,2025-09-12T00:00:00,1389.0,1395.0,1385.0,1388.0,2205633.00724271,3063103054.260031,1757721510117
upbit,KRW-USDC,2025-09-13,2025-09-13T09:00:00,2025-09-13T00:00:00,1387.0,1388.0,1380.0,1385.0,3284976.99274952,4545241096.502779,1757807960185
upbit,KRW-USDC,2025-09-14,2025-09-14T09:00:00,2025-09-14T00:00:00,1385.0,1391.0,1382.0,1390.0,1674151.08934681,2320090149.8362308,1757894240051
upbit,KRW-USDC,2025-09-15,2025-09-15T09:00:00,2025-09-15T00:00:00,1390.0,1396.0,1386.0,1393.0,2366693.99642352,3293348636.4631658,1757980705306
upbit,KRW-USDC,2025-09-16,2025-09-16T09:00:00,2025-09-16T00:00:00,1393.0,1396.0,1387.0,1390.0,2870133.47742813,3991443250.396246,1758067191059
upbit,KRW-USDC,2025-09-17,2025-09-17T09:00:00,2025-09-17T00:00:00,1390.0,1395.0,1385.0,1385.0,1647356.89160914,2291672077.561138,1758153450805
upbit,KRW-USDC,2025-09-18,2025-09-18T09:00:00,2025-09-18T00:00:00,1385.0,1393.0,1384.0,1387.0,2347187.77026402,3255618529.5183296,1758239788376
upbit,KRW-USDC,2025-09-19,2025-09-19T09:00:00,2025-09-19T00:00:00,1387.0,1404.0,1386.0,1403.0,3193565.00262442,4454473015.5342655,1758326283468
upbit,KRW-USDC,2025-09-20,2025-09-20T09:00:00,2025-09-20T00:00:00,1403.0,1405.0,1397.0,1402.0,1985631.50185429,2781346873.7383647,1758412685495
upbit,KRW-USDC,2025-09-21,2025-09-21T09:00:00,2025-09-21T00:00:00,1401.0,1402.0,1395.0,1401.0,2621027.32645807,3668550808.401594,1758499029029
upbit,KRW-USDC,2025-09-22,2025-09-22T09:00:00,2025-09-22T00:00:00,1401.0,1427.0,1400.0,1425.0,7680362.60470147,10865648644.403208,1758585576434
upbit,KRW-USDC,2025-09-23,2025-09-23T09:00:00,2025-09-23T00:00:00,1425.0,1429.0,1415.0,1427.0,1581317.71998923,2249483391.961066,1758671979380
upbit,KRW-USDC,2025-09-24,2025-09-24T09:00:00,2025-09-24T00:00:00,1425.0,1429.0,1413.0,1419.0,1832829.04458026,2602616039.3128724,1758758293886
upbit,KRW-USDC,2025-09-25,2025-09-25T09:00:00,2025-09-25T00:00:00,1417.0,1464.0,1417.0,1450.0,3997656.30430825,5743637411.01095,1758844761639
upbit,KRW-USDC,2025-09-26,2025-09-26T09:00:00,2025-09-26T00:00:00,1450.0,1457.0,1432.0,1440.0,2121229.2493989,3071229833.6353335,1758931186886
upbit,KRW-USDC,2025-09-27,2025-09-27T09:00:00,2025-09-27T00:00:00,1440.0,1443.0,1430.0,1437.0,1181924.11859107,1697853158.0141582,1759016197249
upbit,KRW-USDC,2025-09-28,2025-09-28T09:00:00,2025-09-28T00:00:00,1437.0,1449.0,1429.0,1432.0,1296921.36196343,1862562283.4058304,1759103980214
upbit,KRW-USDC,2025-09-29,2025-09-29T09:00:00,2025-09-29T00:00:00,1432.0,1436.0,1420.0,1423.0,2130211.92936615,3043950584.419677,1759190368665
upbit,KRW-USDC,2025-09-30,2025-09-30T09:00:00,2025-09-30T00:00:00,1423.0,1437.0,1422.0,1428.0,959493.8253426,1369700849.783252,1759276590797
upbit,KRW-USDC,2025-10-01,2025-10-01T09:00:00,2025-10-01T00:00:00,1426.0,1432.0,1415.0,1418.0,1355034.24982026,1927855510.5827637,1759363178231
upbit,KRW-USDC,2025-10-02,2025-10-02T09:00:00,2025-10-02T00:00:00,1418.0,1424.0,1411.0,1416.0,2110553.62558398,2995056140.1598263,1759449151624
upbit,KRW-USDC,2025-10-03,2025-10-03T09:00:00,2025-10-03T00:00:00,1417.0,1420.0,1411.0,1416.0,1804208.57695336,2553722016.5553007,1759535866823
upbit,KRW-USDC,2025-10-04,2025-10-04T09:00:00,2025-10-04T00:00:00,1417.0,1432.0,1413.0,1428.0,1624160.82796571,2311132681.862179,1759622394216
upbit,KRW-USDC,2025-10-05,2025-10-05T09:00:00,2025-10-05T00:00:00,1428.0,1435.0,1417.0,1434.0,1457284.61778194,2077485499.5660875,1759708713511
upbit,KRW-USDC,2025-10-06,2025-10-06T09:00:00,2025-10-06T00:00:00,1434.0,1437.0,1417.0,1424.0,1902689.46742002,2710567971.505503,1759795079950
upbit,KRW-USDC,2025-10-07,2025-10-07T09:00:00,2025-10-07T00:00:00,1426.0,1450.0,1422.0,1446.0,2010373.89763051,2889070165.142025,1759881534167
upbit,KRW-USDC,2025-10-08,2025-10-08T09:00:00,2025-10-08T00:00:00,1448.0,1458.0,1438.0,1444.0,1227950.4544323,1779389113.3982697,1759967962796
upbit,KRW-USDC,2025-10-09,2025-10-09T09:00:00,2025-10-09T00:00:00,1442.0,1473.0,1442.0,1460.0,1859051.65737988,2711572897.7462068,1760054323051
upbit,KRW-USDC,2025-10-10,2025-10-10T09:00:00,2025-10-10T00:00:00,1460.0,1647.0,1452.0,1525.0,10777918.26391679,16519550187.499973,1760140791334
upbit,KRW-USDC,2025-10-11,2025-10-11T09:00:00,2025-10-11T00:00:00,1525.0,1555.0,1502.0,1540.0,7649098.97050036,11669894712.620407,1760227123317
upbit,KRW-USDC,2025-10-12,2025-10-12T09:00:00,2025-10-12T00:00:00,1539.0,1543.0,1500.0,1510.0,3282014.71473677,5013610689.401727,1760313581208
upbit,KRW-USDC,2025-10-13,2025-10-13T09:00:00,2025-10-13T00:00:00,1508.0,1522.0,1481.0,1490.0,1984879.70755182,2977979298.569664,1760399985313
upbit,KRW-USDC,2025-10-14,2025-10-14T09:00:00,2025-10-14T00:00:00,1488.0,1531.0,1488.0,1502.0,2057832.56896022,3112499724.5553865,1760486344409
upbit,KRW-USDC,2025-10-15,2025-10-15T09:00:00,2025-10-15T00:00:00,1502.0,1532.0,1496.0,1520.0,1496873.37603347,2264886168.732769,1760572770526
upbit,KRW-USDC,2025-10-16,2025-10-16T09:00:00,2025-10-16T00:00:00,1522.0,1540.0,1509.0,1527.0,2698256.79091845,4106779148.1189938,1760659198443
upbit,KRW-USDC,2025-10-17,2025-10-17T09:00:00,2025-10-17T00:00:00,1530.0,1541.0,1517.0,1535.0,1979627.95991572,3030729097.9787498,1760745571238
upbit,KRW-USDC,2025-10-18,2025-10-18T09:00:00,2025-10-18T00:00:00,1536.0,1542.0,1521.0,1526.0,873799.89556104,1335537525.0751135,1760831388178
upbit,KRW-USDC,2025-10-19,2025-10-19T09:00:00,2025-10-19T00:00:00,1526.0,1527.0,1510.0,1516.0,611362.51266099,928074990.7709719,1760918386935
upbit,KRW-USDC,2025-10-20,2025-10-20T09:00:00,2025-10-20T00:00:00,1517.0,1522.0,1495.0,1498.0,866474.08625961,1302624052.388566,1761004699400
upbit,KRW-USDC,2025-10-21,2025-10-21T09:00:00,2025-10-21T00:00:00,1499.0,1511.0,1482.0,1507.0,1035786.73415644,1553320475.187348,1761091053223
upbit,KRW-USDC,2025-10-22,2025-10-22T09:00:00,2025-10-22T00:00:00,1507.0,1527.0,1498.0,1514.0,1044917.88562374,1579228845.560598,1761176963905
upbit,KRW-USDC,2025-10-23,2025-10-23T09:00:00,2025-10-23T00:00:00,1516.0,1517.0,1495.0,1505.0,546436.52881163,822123562.122699,1761263951483
upbit,KRW-USDC,2025-10-24,2025-10-24T09:00:00,2025-10-24T00:00:00,1505.0,1509.0,1491.0,1493.0,814588.87483532,1219885320.977243,1761350214655
upbit,KRW-USDC,2025-10-25,2025-10-25T09:00:00,2025-10-25T00:00:00,1492.0,1497.0,1488.0,1489.0,488291.08550357,728309463.06285,1761436632201
upbit,KRW-USDC,2025-10-26,2025-10-26T09:00:00,2025-10-26T00:00:00,1489.0,1495.0,1477.0,1479.0,987258.19726726,1467815132.3294046,1761523136043
upbit,KRW-USDC,2025-10-27,2025-10-27T09:00:00,2025-10-27T00:00:00,1480.0,1484.0,1472.0,1482.0,786556.6843195,1161858433.3153186,1761609048799
upbit,KRW-USDC,2025-10-28,2025-10-28T09:00:00,2025-10-28T00:00:00,1481.0,1496.0,1473.0,1492.0,957045.22037356,1417930150.0032156,1761695945874
upbit,KRW-USDC,2025-10-29,2025-10-29T09:00:00,2025-10-29T00:00:00,1492.0,1500.0,1472.0,1494.0,1245058.2984077,1849003863.1055865,1761782299470
upbit,KRW-USDC,2025-10-30,2025-10-30T09:00:00,2025-10-30T00:00:00,1494.0,1523.0,1476.0,1515.0,1424211.04473523,2141027120.256635,1761868747959
upbit,KRW-USDC,2025-10-31,2025-10-31T09:00:00,2025-10-31T00:00:00,1515.0,1518.0,1490.0,1500.0,915536.16071697,1376751574.163091,1761954911481
upbit,KRW-USDC,2025-11-01,2025-11-01T09:00:00,2025-11-01T00:00:00,1499.0,1501.0,1488.0,1490.0,537222.99869372,801461676.3951288,1762041491494
upbit,KRW-USDC,2025-11-02,2025-11-02T09:00:00,2025-11-02T00:00:00,1489.0,1492.0,1484.0,1484.0,465151.26065958,691814455.5822145,1762127896865
upbit,KRW-USDC,2025-11-03,2025-11-03T09:00:00,2025-11-03T00:00:00,1483.0,1508.0,1482.0,1487.0,1218144.52531046,1819996372.0371158,1762214390069
upbit,KRW-USDC,2025-11-04,2025-11-04T09:00:00,2025-11-04T00:00:00,1489.0,1506.0,1477.0,1506.0,1923248.24898073,2870452733.4451056,1762300741170
upbit,KRW-USDC,2025-11-05,2025-11-05T09:00:00,2025-11-05T00:00:00,1506.0,1507.0,1480.0,1499.0,1378104.0694615,2053556860.7505147,1762387139888
upbit,KRW-USDC,2025-11-06,2025-11-06T09:00:00,2025-11-06T00:00:00,1499.0,1501.0,1487.0,1495.0,979534.40566381,1465323969.608175,1762473596679
upbit,KRW-USDC,2025-11-07,2025-11-07T09:00:00,2025-11-07T00:00:00,1495.0,1502.0,1487.0,1491.0,903665.31120129,1351268033.4499316,1762559969416
upbit,KRW-USDC,2025-11-08,2025-11-08T09:00:00,2025-11-08T00:00:00,1492.0,1500.0,1488.0,1492.0,456502.68661788,681168956.2145418,1762646196280
upbit,KRW-USDC,2025-11-09,2025-11-09T09:00:00,2025-11-09T00:00:00,1492.0,1499.0,1477.0,1483.0,650297.51602703,966703218.0365309,1762732474742
upbit,KRW-USDC,2025-11-10,2025-11-10T09:00:00,2025-11-10T00:00:00,1484.0,1495.0,1478.0,1481.0,600687.72785244,890393536.7386321,1762819091148
upbit,KRW-USDC,2025-11-11,2025-11-11T09:00:00,2025-11-11T00:00:00,1481.0,1500.0,1479.0,1499.0,1162518.09210141,1729376979.6402166,1762905591341
upbit,KRW-USDC,2025-11-12,2025-11-12T09:00:00,2025-11-12T00:00:00,1499.0,1510.0,1486.0,1510.0,1057708.53693896,1585237032.1761231,1762991771728
upbit,KRW-USDC,2025-11-13,2025-11-13T09:00:00,2025-11-13T00:00:00,1510.0,1530.0,1490.0,1517.0,1820910.2670772,2748607209.5189977,1763078399341
upbit,KRW-USDC,2025-11-14,2025-11-14T09:00:00,2025-11-14T00:00:00,1517.0,1526.0,1508.0,1519.0,1346552.62612881,2039619918.0516605,1763164756728
upbit,KRW-USDC,2025-11-15,2025-11-15T09:00:00,2025-11-15T00:00:00,1519.0,1520.0,1506.0,1512.0,601413.66952245,908578218.2117953,1763250904834
upbit,KRW-USDC,2025-11-16,2025-11-16T09:00:00,2025-11-16T00:00:00,1510.0,1516.0,1490.0,1492.0,1028129.92283914,1543977712.168334,1763337545723
upbit,KRW-USDC,2025-11-17,2025-11-17T09:00:00,2025-11-17T00:00:00,1492.0,1509.0,1487.0,1495.0,959340.91266441,1434461566.9678552,1763423975036
upbit,KRW-USDC,2025-11-18,2025-11-18T09:00:00,2025-11-18T00:00:00,1497.0,1497.0,1477.0,1482.0,1655182.21239416,2454132908.8103886,1763510251656
upbit,KRW-USDC,2025-11-19,2025-11-19T09:00:00,2025-11-19T00:00:00,1481.0,1499.0,1481.0,1493.0,815984.58101339,1215996004.1652546,1763596793485
upbit,KRW-USDC,2025-11-20,2025-11-20T09:00:00,2025-11-20T00:00:00,1493.0,1512.0,1486.0,1500.0,1089028.31513554,1630690879.5305068,1763683183176
upbit,KRW-USDC,2025-11-21,2025-11-21T09:00:00,2025-11-21T00:00:00,1500.0,1511.0,1490.0,1504.0,2029080.98478543,3046434462.6703568,1763769544742
upbit,KRW-USDC,2025-11-22,2025-11-22T09:00:00,2025-11-22T00:00:00,1505.0,1509.0,1500.0,1505.0,737230.03492953,1109336033.223971,1763855892700
upbit,KRW-USDC,2025-11-23,2025-11-23T09:00:00,2025-11-23T00:00:00,1505.0,1523.0,1502.0,1519.0,757448.4080135,1145174294.9534864,1763942398281
upbit,KRW-USDC,2025-11-24,2025-11-24T09:00:00,2025-11-24T00:00:00,1519.0,1520.0,1496.0,1502.0,1186706.82256797,1790727001.7142043,1764028757416
upbit,KRW-USDC,2025-11-25,2025-11-25T09:00:00,2025-11-25T00:00:00,1500.0,1507.0,1494.0,1496.0,1053951.75212401,1581875549.2335525,1764115116376
upbit,KRW-USDC,2025-11-26,2025-11-26T09:00:00,2025-11-26T00:00:00,1496.0,1503.0,1487.0,1493.0,713903.17603981,1067353540.8853341,1764201598655
upbit,KRW-USDC,2025-11-27,2025-11-27T09:00:00,2025-11-27T00:00:00,1494.0,1518.0,1490.0,1507.0,1165454.11921906,1752130312.273251,1764287888103
upbit,KRW-USDC,2025-11-28,2025-11-28T09:00:00,2025-11-28T00:00:00,1507.0,1514.0,1496.0,1501.0,675628.92871194,1014236388.7258838,1764373239220
upbit,KRW-USDC,2025-11-29,2025-11-29T09:00:00,2025-11-29T00:00:00,1501.0,1504.0,1497.0,1498.0,81884.02932644,122764348.59975013,1764460692891
upbit,KRW-USDC,2025-11-30,2025-11-30T09:00:00,2025-11-30T00:00:00,1497.0,1504.0,1496.0,1501.0,120987.63641877,181487101.11699858,1764547116154
upbit,KRW-USDC,2025-12-01,2025-12-01T09:00:00,2025-12-01T00:00:00,1501.0,1506.0,1496.0,1497.0,734639.45715519,1101684727.4739265,1764633260537
upbit,KRW-USDC,2025-12-02,2025-12-02T09:00:00,2025-12-02T00:00:00,1498.0,1501.0,1494.0,1494.0,304769.6117558,456147774.5391903,1764719910688
upbit,KRW-USDC,2025-12-03,2025-12-03T09:00:00,2025-12-03T00:00:00,1494.0,1498.0,1491.0,1491.0,194045.02428233,289910369.67771983,1764805353837
upbit,KRW-USDC,2025-12-04,2025-12-04T09:00:00,2025-12-04T00:00:00,1491.0,1495.0,1486.0,1491.0,436988.60948349,651118066.2870728,1764892745527
upbit,KRW-USDC,2025-12-05,2025-12-05T09:00:00,2025-12-05T00:00:00,1493.0,1498.0,1487.0,1498.0,640557.8785226,956772024.6108369,1764979063916
upbit,KRW-USDC,2025-12-06,2025-12-06T09:00:00,2025-12-06T00:00:00,1497.0,1500.0,1495.0,1495.0,304864.15589481,456390127.4887573,1765065282606
upbit,KRW-USDC,2025-12-07,2025-12-07T09:00:00,2025-12-07T00:00:00,1495.0,1499.0,1490.0,1496.0,551502.68228979,824277434.4685627,1765151947672
upbit,KRW-USDC,2025-12-08,2025-12-08T09:00:00,2025-12-08T00:00:00,1496.0,1497.0,1486.0,1489.0,575081.75163865,856565841.2703629,1765237579176
upbit,KRW-USDC,2025-12-09,2025-12-09T09:00:00,2025-12-09T00:00:00,1490.0,1491.0,1475.0,1481.0,1280197.58701872,1898206546.6269443,1765324708503
upbit,KRW-USDC,2025-12-10,2025-12-10T09:00:00,2025-12-10T00:00:00,1480.0,1489.0,1479.0,1485.0,895955.8557475,1330119774.6449661,1765411151271
upbit,KRW-USDC,2025-12-11,2025-12-11T09:00:00,2025-12-11T00:00:00,1486.0,1494.0,1481.0,1487.0,674346.95293448,1004240839.1653374,1765497520586
upbit,KRW-USDC,2025-12-12,2025-12-12T09:00:00,2025-12-12T00:00:00,1487.0,1498.0,1484.0,1493.0,816360.24187235,1218279585.7703636,1765583857322
upbit,KRW-USDC,2025-12-13,2025-12-13T09:00:00,2025-12-13T00:00:00,1493.0,1495.0,1487.0,1493.0,184500.54149793,275026527.1456691,1765670332530
upbit,KRW-USDC,2025-12-14,2025-12-14T09:00:00,2025-12-14T00:00:00,1491.0,1498.0,1490.0,1494.0,393514.11141128,587881598.1121124,1765756229742
upbit,KRW-USDC,2025-12-15,2025-12-15T09:00:00,2025-12-15T00:00:00,1496.0,1500.0,1485.0,1494.0,1375346.90185929,2051505643.796864,1765842912283
upbit,KRW-USDC,2025-12-16,2025-12-16T09:00:00,2025-12-16T00:00:00,1494.0,1494.0,1486.0,1487.0,826773.53328057,1231126520.5104353,1765929308836
upbit,KRW-USDC,2025-12-17,2025-12-17T09:00:00,2025-12-17T00:00:00,1488.0,1496.0,1485.0,1493.0,657264.00655982,979877777.3419188,1766015881729
upbit,KRW-USDC,2025-12-18,2025-12-18T09:00:00,2025-12-18T00:00:00,1493.0,1496.0,1485.0,1491.0,712370.58378083,1061997535.5035187,1766102395340
upbit,KRW-USDC,2025-12-19,2025-12-19T09:00:00,2025-12-19T00:00:00,1491.0,1495.0,1486.0,1488.0,880412.63191692,1311842385.2219493,1766188348513
upbit,KRW-USDC,2025-12-20,2025-12-20T09:00:00,2025-12-20T00:00:00,1489.0,1493.0,1488.0,1489.0,462310.01128054,689193635.8736078,1766275180160
upbit,KRW-USDC,2025-12-21,2025-12-21T09:00:00,2025-12-21T00:00:00,1489.0,1492.0,1487.0,1488.0,378069.90152361,562912640.0066702,1766361354836
upbit,KRW-USDC,2025-12-22,2025-12-22T09:00:00,2025-12-22T00:00:00,1488.0,1494.0,1486.0,1493.0,615037.57345361,916094675.1531053,1766447486260
upbit,KRW-USDC,2025-12-23,2025-12-23T09:00:00,2025-12-23T00:00:00,1493.0,1494.0,1490.0,1493.0,504675.74199279,752618356.3337117,1766534197333
upbit,KRW-USDC,2025-12-24,2025-12-24T09:00:00,2025-12-24T00:00:00,1491.0,1491.0,1475.0,1475.0,1290543.46544046,1912423431.7623212,1766620733342
upbit,KRW-USDC,2025-12-25,2025-12-25T09:00:00,2025-12-25T00:00:00,1475.0,1478.0,1469.0,1473.0,477036.645726,702719189.3781567,1766707197897
upbit,KRW-USDC,2025-12-26,2025-12-26T09:00:00,2025-12-26T00:00:00,1473.0,1475.0,1453.0,1468.0,847987.85926607,1241806336.5521176,1766793466735
upbit,KRW-USDC,2025-12-27,2025-12-27T09:00:00,2025-12-27T00:00:00,1466.0,1469.0,1461.0,1461.0,367668.55288372,538394557.2541926,1766879895316
upbit,KRW-USDC,2025-12-28,2025-12-28T09:00:00,2025-12-28T00:00:00,1461.0,1463.0,1455.0,1458.0,418778.46268749,611520268.0662235,1766966165495
upbit,KRW-USDC,2025-12-29,2025-12-29T09:00:00,2025-12-29T00:00:00,1456.0,1459.0,1444.0,1459.0,1001621.08133076,1454133998.4144294,1767052788626
upbit,KRW-USDC,2025-12-30,2025-12-30T09:00:00,2025-12-30T00:00:00,1459.0,1462.0,1451.0,1455.0,690899.12503535,1005568336.9151222,1767138910741
upbit,KRW-USDC,2025-12-31,2025-12-31T09:00:00,2025-12-31T00:00:00,1455.0,1462.0,1452.0,1461.0,609389.21026208,886285541.3539009,1767225103671
