{
  "row_count": 1586,
  "columns": [
    "Unnamed: 0",
    "일시",
    "거래소",
    "유형",
    "페어",
    "통화",
    "가격",
    "원화가치",
    "적용환율"
  ],
  "dtypes": {
    "Unnamed: 0": "int64",
    "일시": "object",
    "거래소": "object",
    "유형": "object",
    "페어": "object",
    "통화": "float64",
    "가격": "float64",
    "원화가치": "float64",
    "적용환율": "float64"
  },
  "missing": {
    "Unnamed: 0": 0,
    "일시": 0,
    "거래소": 0,
    "유형": 0,
    "페어": 9,
    "통화": 1586,
    "가격": 9,
    "원화가치": 0,
    "적용환율": 0
  },
  "categorical_uniques": {
    "일시": [
      "2025-10-20-06-43-59",
      "2026-01-12-19-18-14",
      "2025-10-06-22-27-06",
      "2026-01-12-19-18-19",
      "2025-10-19-17-39-26",
      "2025-10-04-17-02-03",
      "2025-09-14-23-24-07",
      "2025-10-06-23-32-00",
      "2025-05-13-06-55-23",
      "2025-10-19-16-30-27"
    ],
    "거래소": [
      "Lighter"
    ],
    "유형": [
      "매도",
      "매수",
      "청산",
      "이체"
    ],
    "페어": [
      "BTC",
      "market_0",
      "HYPE",
      "TRUMP",
      "BNB",
      "SOL",
      "KAITO",
      "CRV",
      "PENDLE",
      "PENGU"
    ],
    "통화": [
      NaN
    ],
    "적용환율": [
      1300.0
    ]
  },
  "inferred_schema": {
    "timestamp": "일시",
    "exchange": "거래소",
    "event_type": "유형 (매수/매도/청산/이체)",
    "instrument": "페어",
    "trade_price": "가격",
    "fiat_value": "원화가치",
    "fx_rate": "적용환율",
    "cashflow": "유형='이체' (deposit/withdraw direction missing)",
    "realized_unrealized_pnl": "not present directly in this CSV",
    "fees": "not present directly in this CSV",
    "airdrop_token_received": "not explicit; must infer from external API/account logs",
    "token_sell_events": "rows with 페어 containing LIT and 유형='매도'"
  },
  "issues": [
    "Potential duplicate fills by key(timestamp,type,pair,price,value): 4",
    "No explicit deposit/withdraw labels found; transfer-only rows are ambiguous for cashflow.",
    "Column '통화' is fully null and carries no information."
  ],
  "data_dictionary": {
    "Unnamed: 0": "Row index from previous export",
    "일시": "Event timestamp, format YYYY-MM-DD-HH-MM-SS",
    "거래소": "Exchange/source label from original exporter",
    "유형": "Event category (buy/sell/liquidation/transfer)",
    "페어": "Instrument or market identifier",
    "통화": "Currency code field (unused in this dataset)",
    "가격": "Execution/transaction price in quote currency",
    "원화가치": "KRW notional value (typically quote_notional * fx_rate)",
    "적용환율": "FX conversion rate applied to KRW value"
  }
}