{
  "generated_at_utc": "2026-02-15T13:38:31Z",
  "base_url": "https://mainnet.zklighter.elliot.ai",
  "count": 153,
  "market_pairs": [
    {
      "market_id": 38,
      "symbol": "ONDO",
      "market_type": "perp",
      "base_asset_id": 0,
      "base_asset_symbol": "",
      "quote_asset_id": 0,
      "quote_asset_symbol": "",
      "price_step": null,
      "qty_step": null,
      "min_order_size": null,
      "max_leverage": null,
      "maker_fee": "0.0000",
      "taker_fee": "0.0000",
      "status": "active"
    },
    {
      "market_id": 30,
      "symbol": "UNI",
      "market_type": "perp",
      "base_asset_id": 0,
      "base_asset_symbol": "",
      "quote_asset_id": 0,
      "quote_asset_symbol": "",
      "price_step": null,
      "qty_step": null,
      "min_order_size": null,
      "max_leverage": null,
      "maker_fee": "0.0000",
      "taker_fee": "0.0000",
      "status": "active"
    },
    {
      "market_id": 15,
      "symbol": "TRUMP",
      "market_type": "perp",
      "base_asset_id": 0,
      "base_asset_symbol": "",
      "quote_asset_id": 0,
      "quote_asset_symbol": "",
      "price_step": null,
      "qty_step": null,
      "min_order_size": null,
      "max_leverage": null,
      "maker_fee": "0.0000",
      "taker_fee": "0.0000",
      "status": "active"
    },
    {
      "market_id": 22,
      "symbol": "AI16Z",
      "market_type": "perp",
      "base_asset_id": 0,
      "base_asset_symbol": "",
      "quote_asset_id": 0,
      "quote_asset_symbol": "",
      "price_step": null,
      "qty_step": null,
      "min_order_size": null,
      "max_leverage": null,
      "maker_fee": "0.0000",
      "taker_fee": "0.0000",
      "status": "inactive"
    },
    {
      "market_id": 42,
      "symbol": "SPX",
      "market_type": "perp",
      "base_asset_id": 0,
      "base_asset_symbol": "",
      "quote_asset_id": 0,
      "quote_asset_symbol": "",
      "price_step": null,
      "qty_step": null,
      "min_order_size": null,
      "max_leverage": null,
      "maker_fee": "0.0000",
      "taker_fee": "0.0000",
      "status": "active"
    },
    {
      "market_id": 140,
      "symbol": "SAMSUNG",
      "market_type": "perp",
      "base_asset_id": 0,
      "base_asset_symbol": "",
      "quote_asset_id": 0,
      "quote_asset_symbol": "",
      "price_step": null,
      "qty_step": null,
      "min_order_size": null,
      "max_leverage": null,
      "maker_fee": "0.0000",
      "taker_fee": "0.0000",
      "status": "active"
    },
    {
      "market_id": 89,
      "symbol": "EDEN",
      "market_type": "perp",
      "base_asset_id": 0,
      "base_asset_symbol": "",
      "quote_asset_id": 0,
      "quote_asset_symbol": "",
      "price_step": null,
      "qty_step": null,
      "min_order_size": null,
      "max_leverage": null,
      "maker_fee": "0.0000",
      "taker_fee": "0.0000",
      "status": "active"
    },
    {
      "market_id": 63,
      "symbol": "MNT",
      "market_type": "perp",
      "base_asset_id": 0,
      "base_asset_symbol": "",
      "quote_asset_id": 0,
      "quote_asset_symbol": "",
      "price_step": null,
      "qty_step": null,
      "min_order_size": null,
      "max_leverage": null,
      "maker_fee": "0.0000",
      "taker_fee": "0.0000",
      "status": "active"
    },
    {
      "market_id": 9,
      "symbol": "AVAX",
      "market_type": "perp",
      "base_asset_id": 0,
      "base_asset_symbol": "",
      "quote_asset_id": 0,
      "quote_asset_symbol": "",
      "price_step": null,
      "qty_step": null,
      "min_order_size": null,
      "max_leverage": null,
      "maker_fee": "0.0000",
      "taker_fee": "0.0000",
      "status": "active"
    },
    {
      "market_id": 104,
      "symbol": "STRK",
      "market_type": "perp",
      "base_asset_id": 0,
      "base_asset_symbol": "",
      "quote_asset_id": 0,
      "quote_asset_symbol": "",
      "price_step": null,
      "qty_step": null,
      "min_order_size": null,
      "max_leverage": null,
      "maker_fee": "0.0000",
      "taker_fee": "0.0000",
      "status": "active"
    },
    {
      "market_id": 75,
      "symbol": "DOLO",
      "market_type": "perp",
      "base_asset_id": 0,
      "base_asset_symbol": "",
      "quote_asset_id": 0,
      "quote_asset_symbol": "",
      "price_step": null,
      "qty_step": null,
      "min_order_size": null,
      "max_leverage": null,
      "maker_fee": "0.0000",
      "taker_fee": "0.0000",
      "status": "active"
    },
    {
      "market_id": 65,
      "symbol": "AERO",
      "market_type": "perp",
      "base_asset_id": 0,
      "base_asset_symbol": "",
      "quote_asset_id": 0,
      "quote_asset_symbol": "",
      "price_step": null,
      "qty_step": null,
      "min_order_size": null,
      "max_leverage": null,
      "maker_fee": "0.0000",
      "taker_fee": "0.0000",
      "status": "active"
    },
    {
      "market_id": 25,
      "symbol": "BNB",
      "market_type": "perp",
      "base_asset_id": 0,
      "base_asset_symbol": "",
      "quote_asset_id": 0,
      "quote_asset_symbol": "",
      "price_step": null,
      "qty_step": null,
      "min_order_size": null,
      "max_leverage": null,
      "maker_fee": "0.0000",
      "taker_fee": "0.0000",
      "status": "active"
    },
    {
      "market_id": 31,
      "symbol": "APT",
      "market_type": "perp",
      "base_asset_id": 0,
      "base_asset_symbol": "",
      "quote_asset_id": 0,
      "quote_asset_symbol": "",
      "price_step": null,
      "qty_step": null,
      "min_order_size": null,
      "max_leverage": null,
      "maker_fee": "0.0000",
      "taker_fee": "0.0000",
      "status": "active"
    },
    {
      "market_id": 141,
      "symbol": "HYUNDAI",
      "market_type": "perp",
      "base_asset_id": 0,
      "base_asset_symbol": "",
      "quote_asset_id": 0,
      "quote_asset_symbol": "",
      "price_step": null,
      "qty_step": null,
      "min_order_size": null,
      "max_leverage": null,
      "maker_fee": "0.0000",
      "taker_fee": "0.0000",
      "status": "active"
    },
    {
      "market_id": 51,
      "symbol": "RESOLV",
      "market_type": "perp",
      "base_asset_id": 0,
      "base_asset_symbol": "",
      "quote_asset_id": 0,
      "quote_asset_symbol": "",
      "price_step": null,
      "qty_step": null,
      "min_order_size": null,
      "max_leverage": null,
      "maker_fee": "0.0000",
      "taker_fee": "0.0000",
      "status": "active"
    },
    {
      "market_id": 8,
      "symbol": "LINK",
      "market_type": "perp",
      "base_asset_id": 0,
      "base_asset_symbol": "",
      "quote_asset_id": 0,
      "quote_asset_symbol": "",
      "price_step": null,
      "qty_step": null,
      "min_order_size": null,
      "max_leverage": null,
      "maker_fee": "0.0000",
      "taker_fee": "0.0000",
      "status": "active"
    },
    {
      "market_id": 62,
      "symbol": "DYDX",
      "market_type": "perp",
      "base_asset_id": 0,
      "base_asset_symbol": "",
      "quote_asset_id": 0,
      "quote_asset_symbol": "",
      "price_step": null,
      "qty_step": null,
      "min_order_size": null,
      "max_leverage": null,
      "maker_fee": "0.0000",
      "taker_fee": "0.0000",
      "status": "active"
    },
    {
      "market_id": 96,
      "symbol": "EURUSD",
      "market_type": "perp",
      "base_asset_id": 0,
      "base_asset_symbol": "",
      "quote_asset_id": 0,
      "quote_asset_symbol": "",
      "price_step": null,
      "qty_step": null,
      "min_order_size": null,
      "max_leverage": null,
      "maker_fee": "0.0000",
      "taker_fee": "0.0000",
      "status": "active"
    },
    {
      "market_id": 143,
      "symbol": "SKHYNIX",
      "market_type": "perp",
      "base_asset_id": 0,
      "base_asset_symbol": "",
      "quote_asset_id": 0,
      "quote_asset_symbol": "",
      "price_step": null,
      "qty_step": null,
      "min_order_size": null,
      "max_leverage": null,
      "maker_fee": "0.0000",
      "taker_fee": "0.0000",
      "status": "active"
    },
    {
      "market_id": 115,
      "symbol": "MSFT",
      "market_type": "perp",
      "base_asset_id": 0,
      "base_asset_symbol": "",
      "quote_asset_id": 0,
      "quote_asset_symbol": "",
      "price_step": null,
      "qty_step": null,
      "min_order_size": null,
      "max_leverage": null,
      "maker_fee": "0.0000",
      "taker_fee": "0.0000",
      "status": "active"
    },
    {
      "market_id": 47,
      "symbol": "PENGU",
      "market_type": "perp",
      "base_asset_id": 0,
      "base_asset_symbol": "",
      "quote_asset_id": 0,
      "quote_asset_symbol": "",
      "price_step": null,
      "qty_step": null,
      "min_order_size": null,
      "max_leverage": null,
      "maker_fee": "0.0000",
      "taker_fee": "0.0000",
      "status": "active"
    },
    {
      "market_id": 73,
      "symbol": "CRO",
      "market_type": "perp",
      "base_asset_id": 0,
      "base_asset_symbol": "",
      "quote_asset_id": 0,
      "quote_asset_symbol": "",
      "price_step": null,
      "qty_step": null,
      "min_order_size": null,
      "max_leverage": null,
      "maker_fee": "0.0000",
      "taker_fee": "0.0000",
      "status": "active"
    },
    {
      "market_id": 84,
      "symbol": "0G",
      "market_type": "perp",
      "base_asset_id": 0,
      "base_asset_symbol": "",
      "quote_asset_id": 0,
      "quote_asset_symbol": "",
      "price_step": null,
      "qty_step": null,
      "min_order_size": null,
      "max_leverage": null,
      "maker_fee": "0.0000",
      "taker_fee": "0.0000",
      "status": "active"
    },
    {
      "market_id": 32,
      "symbol": "SEI",
      "market_type": "perp",
      "base_asset_id": 0,
      "base_asset_symbol": "",
      "quote_asset_id": 0,
      "quote_asset_symbol": "",
      "price_step": null,
      "qty_step": null,
      "min_order_size": null,
      "max_leverage": null,
      "maker_fee": "0.0000",
      "taker_fee": "0.0000",
      "status": "active"
    },
    {
      "market_id": 19,
      "symbol": "1000FLOKI",
      "market_type": "perp",
      "base_asset_id": 0,
      "base_asset_symbol": "",
      "quote_asset_id": 0,
      "quote_asset_symbol": "",
      "price_step": null,
      "qty_step": null,
      "min_order_size": null,
      "max_leverage": null,
      "maker_fee": "0.0000",
      "taker_fee": "0.0000",
      "status": "active"
    },
    {
      "market_id": 2049,
      "symbol": "LIT/USDC",
      "market_type": "spot",
      "base_asset_id": 2,
      "base_asset_symbol": "",
      "quote_asset_id": 3,
      "quote_asset_symbol": "",
      "price_step": null,
      "qty_step": null,
      "min_order_size": null,
      "max_leverage": null,
      "maker_fee": "0.0000",
      "taker_fee": "0.0000",
      "status": "active"
    },
    {
      "market_id": 13,
      "symbol": "TAO",
      "market_type": "perp",
      "base_asset_id": 0,
      "base_asset_symbol": "",
      "quote_asset_id": 0,
      "quote_asset_symbol": "",
      "price_step": null,
      "qty_step": null,
      "min_order_size": null,
      "max_leverage": null,
      "maker_fee": "0.0000",
      "taker_fee": "0.0000",
      "status": "active"
    },
    {
      "market_id": 60,
      "symbol": "ZRO",
      "market_type": "perp",
      "base_asset_id": 0,
      "base_asset_symbol": "",
      "quote_asset_id": 0,
      "quote_asset_symbol": "",
      "price_step": null,
      "qty_step": null,
      "min_order_size": null,
      "max_leverage": null,
      "maker_fee": "0.0000",
      "taker_fee": "0.0000",
      "status": "active"
    },
    {
      "market_id": 74,
      "symbol": "NMR",
      "market_type": "perp",
      "base_asset_id": 0,
      "base_asset_symbol": "",
      "quote_asset_id": 0,
      "quote_asset_symbol": "",
      "price_step": null,
      "qty_step": null,
      "min_order_size": null,
      "max_leverage": null,
      "maker_fee": "0.0000",
      "taker_fee": "0.0000",
      "status": "active"
    },
    {
      "market_id": 94,
      "symbol": "MEGA",
      "market_type": "perp",
      "base_asset_id": 0,
      "base_asset_symbol": "",
      "quote_asset_id": 0,
      "quote_asset_symbol": "",
      "price_step": null,
      "qty_step": null,
      "min_order_size": null,
      "max_leverage": null,
      "maker_fee": "0.0000",
      "taker_fee": "0.0000",
      "status": "active"
    },
    {
      "market_id": 138,
      "symbol": "AMD",
      "market_type": "perp",
      "base_asset_id": 0,
      "base_asset_symbol": "",
      "quote_asset_id": 0,
      "quote_asset_symbol": "",
      "price_step": null,
      "qty_step": null,
      "min_order_size": null,
      "max_leverage": null,
      "maker_fee": "0.0000",
      "taker_fee": "0.0000",
      "status": "active"
    },
    {
      "market_id": 142,
      "symbol": "KRCOMP",
      "market_type": "perp",
      "base_asset_id": 0,
      "base_asset_symbol": "",
      "quote_asset_id": 0,
      "quote_asset_symbol": "",
      "price_step": null,
      "qty_step": null,
      "min_order_size": null,
      "max_leverage": null,
      "maker_fee": "0.0000",
      "taker_fee": "0.0000",
      "status": "active"
    },
    {
      "market_id": 28,
      "symbol": "MKR",
      "market_type": "perp",
      "base_asset_id": 0,
      "base_asset_symbol": "",
      "quote_asset_id": 0,
      "quote_asset_symbol": "",
      "price_step": null,
      "qty_step": null,
      "min_order_size": null,
      "max_leverage": null,
      "maker_fee": "0.0000",
      "taker_fee": "0.0000",
      "status": "inactive"
    },
    {
      "market_id": 29,
      "symbol": "ENA",
      "market_type": "perp",
      "base_asset_id": 0,
      "base_asset_symbol": "",
      "quote_asset_id": 0,
      "quote_asset_symbol": "",
      "price_step": null,
      "qty_step": null,
      "min_order_size": null,
      "max_leverage": null,
      "maker_fee": "0.0000",
      "taker_fee": "0.0000",
      "status": "active"
    },
    {
      "market_id": 108,
      "symbol": "HOOD",
      "market_type": "perp",
      "base_asset_id": 0,
      "base_asset_symbol": "",
      "quote_asset_id": 0,
      "quote_asset_symbol": "",
      "price_step": null,
      "qty_step": null,
      "min_order_size": null,
      "max_leverage": null,
      "maker_fee": "0.0000",
      "taker_fee": "0.0000",
      "status": "active"
    },
    {
      "market_id": 83,
      "symbol": "ASTER",
      "market_type": "perp",
      "base_asset_id": 0,
      "base_asset_symbol": "",
      "quote_asset_id": 0,
      "quote_asset_symbol": "",
      "price_step": null,
      "qty_step": null,
      "min_order_size": null,
      "max_leverage": null,
      "maker_fee": "0.0000",
      "taker_fee": "0.0000",
      "status": "active"
    },
    {
      "market_id": 69,
      "symbol": "VVV",
      "market_type": "perp",
      "base_asset_id": 0,
      "base_asset_symbol": "",
      "quote_asset_id": 0,
      "quote_asset_symbol": "",
      "price_step": null,
      "qty_step": null,
      "min_order_size": null,
      "max_leverage": null,
      "maker_fee": "0.0000",
      "taker_fee": "0.0000",
      "status": "active"
    },
    {
      "market_id": 2048,
      "symbol": "ETH/USDC",
      "market_type": "spot",
      "base_asset_id": 1,
      "base_asset_symbol": "",
      "quote_asset_id": 3,
      "quote_asset_symbol": "",
      "price_step": null,
      "qty_step": null,
      "min_order_size": null,
      "max_leverage": null,
      "maker_fee": "0.0000",
      "taker_fee": "0.0000",
      "status": "active"
    },
    {
      "market_id": 101,
      "symbol": "CC",
      "market_type": "perp",
      "base_asset_id": 0,
      "base_asset_symbol": "",
      "quote_asset_id": 0,
      "quote_asset_symbol": "",
      "price_step": null,
      "qty_step": null,
      "min_order_size": null,
      "max_leverage": null,
      "maker_fee": "0.0000",
      "taker_fee": "0.0000",
      "status": "active"
    },
    {
      "market_id": 2054,
      "symbol": "LDO/USDC",
      "market_type": "spot",
      "base_asset_id": 9,
      "base_asset_symbol": "",
      "quote_asset_id": 3,
      "quote_asset_symbol": "",
      "price_step": null,
      "qty_step": null,
      "min_order_size": null,
      "max_leverage": null,
      "maker_fee": "0.0000",
      "taker_fee": "0.0000",
      "status": "active"
    },
    {
      "market_id": 53,
      "symbol": "ZORA",
      "market_type": "perp",
      "base_asset_id": 0,
      "base_asset_symbol": "",
      "quote_asset_id": 0,
      "quote_asset_symbol": "",
      "price_step": null,
      "qty_step": null,
      "min_order_size": null,
      "max_leverage": null,
      "maker_fee": "0.0000",
      "taker_fee": "0.0000",
      "status": "active"
    },
    {
      "market_id": 118,
      "symbol": "STABLE",
      "market_type": "perp",
      "base_asset_id": 0,
      "base_asset_symbol": "",
      "quote_asset_id": 0,
      "quote_asset_symbol": "",
      "price_step": null,
      "qty_step": null,
      "min_order_size": null,
      "max_leverage": null,
      "maker_fee": "0.0000",
      "taker_fee": "0.0000",
      "status": "active"
    },
    {
      "market_id": 98,
      "symbol": "USDJPY",
      "market_type": "perp",
      "base_asset_id": 0,
      "base_asset_symbol": "",
      "quote_asset_id": 0,
      "quote_asset_symbol": "",
      "price_step": null,
      "qty_step": null,
      "min_order_size": null,
      "max_leverage": null,
      "maker_fee": "0.0000",
      "taker_fee": "0.0000",
      "status": "active"
    },
    {
      "market_id": 20,
      "symbol": "BERA",
      "market_type": "perp",
      "base_asset_id": 0,
      "base_asset_symbol": "",
      "quote_asset_id": 0,
      "quote_asset_symbol": "",
      "price_step": null,
      "qty_step": null,
      "min_order_size": null,
      "max_leverage": null,
      "maker_fee": "0.0000",
      "taker_fee": "0.0000",
      "status": "active"
    },
    {
      "market_id": 107,
      "symbol": "NZDUSD",
      "market_type": "perp",
      "base_asset_id": 0,
      "base_asset_symbol": "",
      "quote_asset_id": 0,
      "quote_asset_symbol": "",
      "price_step": null,
      "qty_step": null,
      "min_order_size": null,
      "max_leverage": null,
      "maker_fee": "0.0000",
      "taker_fee": "0.0000",
      "status": "active"
    },
    {
      "market_id": 95,
      "symbol": "MET",
      "market_type": "perp",
      "base_asset_id": 0,
      "base_asset_symbol": "",
      "quote_asset_id": 0,
      "quote_asset_symbol": "",
      "price_step": null,
      "qty_step": null,
      "min_order_size": null,
      "max_leverage": null,
      "maker_fee": "0.0000",
      "taker_fee": "0.0000",
      "status": "active"
    },
    {
      "market_id": 121,
      "symbol": "CRCL",
      "market_type": "perp",
      "base_asset_id": 0,
      "base_asset_symbol": "",
      "quote_asset_id": 0,
      "quote_asset_symbol": "",
      "price_step": null,
      "qty_step": null,
      "min_order_size": null,
      "max_leverage": null,
      "maker_fee": "0.0000",
      "taker_fee": "0.0000",
      "status": "active"
    },
    {
      "market_id": 111,
      "symbol": "PLTR",
      "market_type": "perp",
      "base_asset_id": 0,
      "base_asset_symbol": "",
      "quote_asset_id": 0,
      "quote_asset_symbol": "",
      "price_step": null,
      "qty_step": null,
      "min_order_size": null,
      "max_leverage": null,
      "maker_fee": "0.0000",
      "taker_fee": "0.0000",
      "status": "active"
    },
    {
      "market_id": 2050,
      "symbol": "LINK/USDC",
      "market_type": "spot",
      "base_asset_id": 5,
      "base_asset_symbol": "",
      "quote_asset_id": 3,
      "quote_asset_symbol": "",
      "price_step": null,
      "qty_step": null,
      "min_order_size": null,
      "max_leverage": null,
      "maker_fee": "0.0000",
      "taker_fee": "0.0000",
      "status": "active"
    },
    {
      "market_id": 130,
      "symbol": "SKR",
      "market_type": "perp",
      "base_asset_id": 0,
      "base_asset_symbol": "",
      "quote_asset_id": 0,
      "quote_asset_symbol": "",
      "price_step": null,
      "qty_step": null,
      "min_order_size": null,
      "max_leverage": null,
      "maker_fee": "0.0000",
      "taker_fee": "0.0000",
      "status": "active"
    },
    {
      "market_id": 4,
      "symbol": "1000PEPE",
      "market_type": "perp",
      "base_asset_id": 0,
      "base_asset_symbol": "",
      "quote_asset_id": 0,
      "quote_asset_symbol": "",
      "price_step": null,
      "qty_step": null,
      "min_order_size": null,
      "max_leverage": null,
      "maker_fee": "0.0000",
      "taker_fee": "0.0000",
      "status": "active"
    },
    {
      "market_id": 109,
      "symbol": "COIN",
      "market_type": "perp",
      "base_asset_id": 0,
      "base_asset_symbol": "",
      "quote_asset_id": 0,
      "quote_asset_symbol": "",
      "price_step": null,
      "qty_step": null,
      "min_order_size": null,
      "max_leverage": null,
      "maker_fee": "0.0000",
      "taker_fee": "0.0000",
      "status": "active"
    },
    {
      "market_id": 43,
      "symbol": "TRX",
      "market_type": "perp",
      "base_asset_id": 0,
      "base_asset_symbol": "",
      "quote_asset_id": 0,
      "quote_asset_symbol": "",
      "price_step": null,
      "qty_step": null,
      "min_order_size": null,
      "max_leverage": null,
      "maker_fee": "0.0000",
      "taker_fee": "0.0000",
      "status": "active"
    },
    {
      "market_id": 26,
      "symbol": "JUP",
      "market_type": "perp",
      "base_asset_id": 0,
      "base_asset_symbol": "",
      "quote_asset_id": 0,
      "quote_asset_symbol": "",
      "price_step": null,
      "qty_step": null,
      "min_order_size": null,
      "max_leverage": null,
      "maker_fee": "0.0000",
      "taker_fee": "0.0000",
      "status": "active"
    },
    {
      "market_id": 126,
      "symbol": "RIVER",
      "market_type": "perp",
      "base_asset_id": 0,
      "base_asset_symbol": "",
      "quote_asset_id": 0,
      "quote_asset_symbol": "",
      "price_step": null,
      "qty_step": null,
      "min_order_size": null,
      "max_leverage": null,
      "maker_fee": "0.0000",
      "taker_fee": "0.0000",
      "status": "active"
    },
    {
      "market_id": 2053,
      "symbol": "SKY/USDC",
      "market_type": "spot",
      "base_asset_id": 8,
      "base_asset_symbol": "",
      "quote_asset_id": 3,
      "quote_asset_symbol": "",
      "price_step": null,
      "qty_step": null,
      "min_order_size": null,
      "max_leverage": null,
      "maker_fee": "0.0000",
      "taker_fee": "0.0000",
      "status": "active"
    },
    {
      "market_id": 93,
      "symbol": "XAG",
      "market_type": "perp",
      "base_asset_id": 0,
      "base_asset_symbol": "",
      "quote_asset_id": 0,
      "quote_asset_symbol": "",
      "price_step": null,
      "qty_step": null,
      "min_order_size": null,
      "max_leverage": null,
      "maker_fee": "0.0000",
      "taker_fee": "0.0000",
      "status": "active"
    },
    {
      "market_id": 72,
      "symbol": "WLFI",
      "market_type": "perp",
      "base_asset_id": 0,
      "base_asset_symbol": "",
      "quote_asset_id": 0,
      "quote_asset_symbol": "",
      "price_step": null,
      "qty_step": null,
      "min_order_size": null,
      "max_leverage": null,
      "maker_fee": "0.0000",
      "taker_fee": "0.0000",
      "status": "active"
    },
    {
      "market_id": 27,
      "symbol": "AAVE",
      "market_type": "perp",
      "base_asset_id": 0,
      "base_asset_symbol": "",
      "quote_asset_id": 0,
      "quote_asset_symbol": "",
      "price_step": null,
      "qty_step": null,
      "min_order_size": null,
      "max_leverage": null,
      "maker_fee": "0.0000",
      "taker_fee": "0.0000",
      "status": "active"
    },
    {
      "market_id": 16,
      "symbol": "SUI",
      "market_type": "perp",
      "base_asset_id": 0,
      "base_asset_symbol": "",
      "quote_asset_id": 0,
      "quote_asset_symbol": "",
      "price_step": null,
      "qty_step": null,
      "min_order_size": null,
      "max_leverage": null,
      "maker_fee": "0.0000",
      "taker_fee": "0.0000",
      "status": "active"
    },
    {
      "market_id": 18,
      "symbol": "1000BONK",
      "market_type": "perp",
      "base_asset_id": 0,
      "base_asset_symbol": "",
      "quote_asset_id": 0,
      "quote_asset_symbol": "",
      "price_step": null,
      "qty_step": null,
      "min_order_size": null,
      "max_leverage": null,
      "maker_fee": "0.0000",
      "taker_fee": "0.0000",
      "status": "active"
    },
    {
      "market_id": 81,
      "symbol": "1000TOSHI",
      "market_type": "perp",
      "base_asset_id": 0,
      "base_asset_symbol": "",
      "quote_asset_id": 0,
      "quote_asset_symbol": "",
      "price_step": null,
      "qty_step": null,
      "min_order_size": null,
      "max_leverage": null,
      "maker_fee": "0.0000",
      "taker_fee": "0.0000",
      "status": "active"
    },
    {
      "market_id": 87,
      "symbol": "FF",
      "market_type": "perp",
      "base_asset_id": 0,
      "base_asset_symbol": "",
      "quote_asset_id": 0,
      "quote_asset_symbol": "",
      "price_step": null,
      "qty_step": null,
      "min_order_size": null,
      "max_leverage": null,
      "maker_fee": "0.0000",
      "taker_fee": "0.0000",
      "status": "active"
    },
    {
      "market_id": 120,
      "symbol": "LIT",
      "market_type": "perp",
      "base_asset_id": 0,
      "base_asset_symbol": "",
      "quote_asset_id": 0,
      "quote_asset_symbol": "",
      "price_step": null,
      "qty_step": null,
      "min_order_size": null,
      "max_leverage": null,
      "maker_fee": "0.0000",
      "taker_fee": "0.0000",
      "status": "active"
    },
    {
      "market_id": 123,
      "symbol": "BMNR",
      "market_type": "perp",
      "base_asset_id": 0,
      "base_asset_symbol": "",
      "quote_asset_id": 0,
      "quote_asset_symbol": "",
      "price_step": null,
      "qty_step": null,
      "min_order_size": null,
      "max_leverage": null,
      "maker_fee": "0.0000",
      "taker_fee": "0.0000",
      "status": "active"
    },
    {
      "market_id": 103,
      "symbol": "FIL",
      "market_type": "perp",
      "base_asset_id": 0,
      "base_asset_symbol": "",
      "quote_asset_id": 0,
      "quote_asset_symbol": "",
      "price_step": null,
      "qty_step": null,
      "min_order_size": null,
      "max_leverage": null,
      "maker_fee": "0.0000",
      "taker_fee": "0.0000",
      "status": "active"
    },
    {
      "market_id": 21,
      "symbol": "FARTCOIN",
      "market_type": "perp",
      "base_asset_id": 0,
      "base_asset_symbol": "",
      "quote_asset_id": 0,
      "quote_asset_symbol": "",
      "price_step": null,
      "qty_step": null,
      "min_order_size": null,
      "max_leverage": null,
      "maker_fee": "0.0000",
      "taker_fee": "0.0000",
      "status": "active"
    },
    {
      "market_id": 135,
      "symbol": "PIPPIN",
      "market_type": "perp",
      "base_asset_id": 0,
      "base_asset_symbol": "",
      "quote_asset_id": 0,
      "quote_asset_symbol": "",
      "price_step": null,
      "qty_step": null,
      "min_order_size": null,
      "max_leverage": null,
      "maker_fee": "0.0000",
      "taker_fee": "0.0000",
      "status": "active"
    },
    {
      "market_id": 67,
      "symbol": "TIA",
      "market_type": "perp",
      "base_asset_id": 0,
      "base_asset_symbol": "",
      "quote_asset_id": 0,
      "quote_asset_symbol": "",
      "price_step": null,
      "qty_step": null,
      "min_order_size": null,
      "max_leverage": null,
      "maker_fee": "0.0000",
      "taker_fee": "0.0000",
      "status": "active"
    },
    {
      "market_id": 128,
      "symbol": "SPY",
      "market_type": "perp",
      "base_asset_id": 0,
      "base_asset_symbol": "",
      "quote_asset_id": 0,
      "quote_asset_symbol": "",
      "price_step": null,
      "qty_step": null,
      "min_order_size": null,
      "max_leverage": null,
      "maker_fee": "0.0000",
      "taker_fee": "0.0000",
      "status": "active"
    },
    {
      "market_id": 119,
      "symbol": "XLM",
      "market_type": "perp",
      "base_asset_id": 0,
      "base_asset_symbol": "",
      "quote_asset_id": 0,
      "quote_asset_symbol": "",
      "price_step": null,
      "qty_step": null,
      "min_order_size": null,
      "max_leverage": null,
      "maker_fee": "0.0000",
      "taker_fee": "0.0000",
      "status": "active"
    },
    {
      "market_id": 127,
      "symbol": "DASH",
      "market_type": "perp",
      "base_asset_id": 0,
      "base_asset_symbol": "",
      "quote_asset_id": 0,
      "quote_asset_symbol": "",
      "price_step": null,
      "qty_step": null,
      "min_order_size": null,
      "max_leverage": null,
      "maker_fee": "0.0000",
      "taker_fee": "0.0000",
      "status": "active"
    },
    {
      "market_id": 134,
      "symbol": "JTO",
      "market_type": "perp",
      "base_asset_id": 0,
      "base_asset_symbol": "",
      "quote_asset_id": 0,
      "quote_asset_symbol": "",
      "price_step": null,
      "qty_step": null,
      "min_order_size": null,
      "max_leverage": null,
      "maker_fee": "0.0000",
      "taker_fee": "0.0000",
      "status": "active"
    },
    {
      "market_id": 114,
      "symbol": "AMZN",
      "market_type": "perp",
      "base_asset_id": 0,
      "base_asset_symbol": "",
      "quote_asset_id": 0,
      "quote_asset_symbol": "",
      "price_step": null,
      "qty_step": null,
      "min_order_size": null,
      "max_leverage": null,
      "maker_fee": "0.0000",
      "taker_fee": "0.0000",
      "status": "active"
    },
    {
      "market_id": 37,
      "symbol": "PENDLE",
      "market_type": "perp",
      "base_asset_id": 0,
      "base_asset_symbol": "",
      "quote_asset_id": 0,
      "quote_asset_symbol": "",
      "price_step": null,
      "qty_step": null,
      "min_order_size": null,
      "max_leverage": null,
      "maker_fee": "0.0000",
      "taker_fee": "0.0000",
      "status": "active"
    },
    {
      "market_id": 113,
      "symbol": "AAPL",
      "market_type": "perp",
      "base_asset_id": 0,
      "base_asset_symbol": "",
      "quote_asset_id": 0,
      "quote_asset_symbol": "",
      "price_step": null,
      "qty_step": null,
      "min_order_size": null,
      "max_leverage": null,
      "maker_fee": "0.0000",
      "taker_fee": "0.0000",
      "status": "active"
    },
    {
      "market_id": 46,
      "symbol": "LDO",
      "market_type": "perp",
      "base_asset_id": 0,
      "base_asset_symbol": "",
      "quote_asset_id": 0,
      "quote_asset_symbol": "",
      "price_step": null,
      "qty_step": null,
      "min_order_size": null,
      "max_leverage": null,
      "maker_fee": "0.0000",
      "taker_fee": "0.0000",
      "status": "active"
    },
    {
      "market_id": 59,
      "symbol": "HBAR",
      "market_type": "perp",
      "base_asset_id": 0,
      "base_asset_symbol": "",
      "quote_asset_id": 0,
      "quote_asset_symbol": "",
      "price_step": null,
      "qty_step": null,
      "min_order_size": null,
      "max_leverage": null,
      "maker_fee": "0.0000",
      "taker_fee": "0.0000",
      "status": "active"
    },
    {
      "market_id": 48,
      "symbol": "PAXG",
      "market_type": "perp",
      "base_asset_id": 0,
      "base_asset_symbol": "",
      "quote_asset_id": 0,
      "quote_asset_symbol": "",
      "price_step": null,
      "qty_step": null,
      "min_order_size": null,
      "max_leverage": null,
      "maker_fee": "0.0000",
      "taker_fee": "0.0000",
      "status": "active"
    },
    {
      "market_id": 117,
      "symbol": "META",
      "market_type": "perp",
      "base_asset_id": 0,
      "base_asset_symbol": "",
      "quote_asset_id": 0,
      "quote_asset_symbol": "",
      "price_step": null,
      "qty_step": null,
      "min_order_size": null,
      "max_leverage": null,
      "maker_fee": "0.0000",
      "taker_fee": "0.0000",
      "status": "active"
    },
    {
      "market_id": 39,
      "symbol": "ADA",
      "market_type": "perp",
      "base_asset_id": 0,
      "base_asset_symbol": "",
      "quote_asset_id": 0,
      "quote_asset_symbol": "",
      "price_step": null,
      "qty_step": null,
      "min_order_size": null,
      "max_leverage": null,
      "maker_fee": "0.0000",
      "taker_fee": "0.0000",
      "status": "active"
    },
    {
      "market_id": 55,
      "symbol": "OP",
      "market_type": "perp",
      "base_asset_id": 0,
      "base_asset_symbol": "",
      "quote_asset_id": 0,
      "quote_asset_symbol": "",
      "price_step": null,
      "qty_step": null,
      "min_order_size": null,
      "max_leverage": null,
      "maker_fee": "0.0000",
      "taker_fee": "0.0000",
      "status": "active"
    },
    {
      "market_id": 61,
      "symbol": "GMX",
      "market_type": "perp",
      "base_asset_id": 0,
      "base_asset_symbol": "",
      "quote_asset_id": 0,
      "quote_asset_symbol": "",
      "price_step": null,
      "qty_step": null,
      "min_order_size": null,
      "max_leverage": null,
      "maker_fee": "0.0000",
      "taker_fee": "0.0000",
      "status": "active"
    },
    {
      "market_id": 122,
      "symbol": "MSTR",
      "market_type": "perp",
      "base_asset_id": 0,
      "base_asset_symbol": "",
      "quote_asset_id": 0,
      "quote_asset_symbol": "",
      "price_step": null,
      "qty_step": null,
      "min_order_size": null,
      "max_leverage": null,
      "maker_fee": "0.0000",
      "taker_fee": "0.0000",
      "status": "active"
    },
    {
      "market_id": 41,
      "symbol": "VIRTUAL",
      "market_type": "perp",
      "base_asset_id": 0,
      "base_asset_symbol": "",
      "quote_asset_id": 0,
      "quote_asset_symbol": "",
      "price_step": null,
      "qty_step": null,
      "min_order_size": null,
      "max_leverage": null,
      "maker_fee": "0.0000",
      "taker_fee": "0.0000",
      "status": "active"
    },
    {
      "market_id": 36,
      "symbol": "CRV",
      "market_type": "perp",
      "base_asset_id": 0,
      "base_asset_symbol": "",
      "quote_asset_id": 0,
      "quote_asset_symbol": "",
      "price_step": null,
      "qty_step": null,
      "min_order_size": null,
      "max_leverage": null,
      "maker_fee": "0.0000",
      "taker_fee": "0.0000",
      "status": "active"
    },
    {
      "market_id": 56,
      "symbol": "ZK",
      "market_type": "perp",
      "base_asset_id": 0,
      "base_asset_symbol": "",
      "quote_asset_id": 0,
      "quote_asset_symbol": "",
      "price_step": null,
      "qty_step": null,
      "min_order_size": null,
      "max_leverage": null,
      "maker_fee": "0.0000",
      "taker_fee": "0.0000",
      "status": "active"
    },
    {
      "market_id": 92,
      "symbol": "XAU",
      "market_type": "perp",
      "base_asset_id": 0,
      "base_asset_symbol": "",
      "quote_asset_id": 0,
      "quote_asset_symbol": "",
      "price_step": null,
      "qty_step": null,
      "min_order_size": null,
      "max_leverage": null,
      "maker_fee": "0.0000",
      "taker_fee": "0.0000",
      "status": "active"
    },
    {
      "market_id": 54,
      "symbol": "LAUNCHCOIN",
      "market_type": "perp",
      "base_asset_id": 0,
      "base_asset_symbol": "",
      "quote_asset_id": 0,
      "quote_asset_symbol": "",
      "price_step": null,
      "qty_step": null,
      "min_order_size": null,
      "max_leverage": null,
      "maker_fee": "0.0000",
      "taker_fee": "0.0000",
      "status": "inactive"
    },
    {
      "market_id": 88,
      "symbol": "2Z",
      "market_type": "perp",
      "base_asset_id": 0,
      "base_asset_symbol": "",
      "quote_asset_id": 0,
      "quote_asset_symbol": "",
      "price_step": null,
      "qty_step": null,
      "min_order_size": null,
      "max_leverage": null,
      "maker_fee": "0.0000",
      "taker_fee": "0.0000",
      "status": "active"
    },
    {
      "market_id": 57,
      "symbol": "PROVE",
      "market_type": "perp",
      "base_asset_id": 0,
      "base_asset_symbol": "",
      "quote_asset_id": 0,
      "quote_asset_symbol": "",
      "price_step": null,
      "qty_step": null,
      "min_order_size": null,
      "max_leverage": null,
      "maker_fee": "0.0000",
      "taker_fee": "0.0000",
      "status": "active"
    },
    {
      "market_id": 58,
      "symbol": "BCH",
      "market_type": "perp",
      "base_asset_id": 0,
      "base_asset_symbol": "",
      "quote_asset_id": 0,
      "quote_asset_symbol": "",
      "price_step": null,
      "qty_step": null,
      "min_order_size": null,
      "max_leverage": null,
      "maker_fee": "0.0000",
      "taker_fee": "0.0000",
      "status": "active"
    },
    {
      "market_id": 99,
      "symbol": "USDCHF",
      "market_type": "perp",
      "base_asset_id": 0,
      "base_asset_symbol": "",
      "quote_asset_id": 0,
      "quote_asset_symbol": "",
      "price_step": null,
      "qty_step": null,
      "min_order_size": null,
      "max_leverage": null,
      "maker_fee": "0.0000",
      "taker_fee": "0.0000",
      "status": "active"
    },
    {
      "market_id": 7,
      "symbol": "XRP",
      "market_type": "perp",
      "base_asset_id": 0,
      "base_asset_symbol": "",
      "quote_asset_id": 0,
      "quote_asset_symbol": "",
      "price_step": null,
      "qty_step": null,
      "min_order_size": null,
      "max_leverage": null,
      "maker_fee": "0.0000",
      "taker_fee": "0.0000",
      "status": "active"
    },
    {
      "market_id": 91,
      "symbol": "MON",
      "market_type": "perp",
      "base_asset_id": 0,
      "base_asset_symbol": "",
      "quote_asset_id": 0,
      "quote_asset_symbol": "",
      "price_step": null,
      "qty_step": null,
      "min_order_size": null,
      "max_leverage": null,
      "maker_fee": "0.0000",
      "taker_fee": "0.0000",
      "status": "active"
    },
    {
      "market_id": 2052,
      "symbol": "AAVE/USDC",
      "market_type": "spot",
      "base_asset_id": 7,
      "base_asset_symbol": "",
      "quote_asset_id": 3,
      "quote_asset_symbol": "",
      "price_step": null,
      "qty_step": null,
      "min_order_size": null,
      "max_leverage": null,
      "maker_fee": "0.0000",
      "taker_fee": "0.0000",
      "status": "active"
    },
    {
      "market_id": 23,
      "symbol": "POPCAT",
      "market_type": "perp",
      "base_asset_id": 0,
      "base_asset_symbol": "",
      "quote_asset_id": 0,
      "quote_asset_symbol": "",
      "price_step": null,
      "qty_step": null,
      "min_order_size": null,
      "max_leverage": null,
      "maker_fee": "0.0000",
      "taker_fee": "0.0000",
      "status": "active"
    },
    {
      "market_id": 5,
      "symbol": "WIF",
      "market_type": "perp",
      "base_asset_id": 0,
      "base_asset_symbol": "",
      "quote_asset_id": 0,
      "quote_asset_symbol": "",
      "price_step": null,
      "qty_step": null,
      "min_order_size": null,
      "max_leverage": null,
      "maker_fee": "0.0000",
      "taker_fee": "0.0000",
      "status": "active"
    },
    {
      "market_id": 106,
      "symbol": "AUDUSD",
      "market_type": "perp",
      "base_asset_id": 0,
      "base_asset_symbol": "",
      "quote_asset_id": 0,
      "quote_asset_symbol": "",
      "price_step": null,
      "qty_step": null,
      "min_order_size": null,
      "max_leverage": null,
      "maker_fee": "0.0000",
      "taker_fee": "0.0000",
      "status": "active"
    },
    {
      "market_id": 78,
      "symbol": "PYTH",
      "market_type": "perp",
      "base_asset_id": 0,
      "base_asset_symbol": "",
      "quote_asset_id": 0,
      "quote_asset_symbol": "",
      "price_step": null,
      "qty_step": null,
      "min_order_size": null,
      "max_leverage": null,
      "maker_fee": "0.0000",
      "taker_fee": "0.0000",
      "status": "active"
    },
    {
      "market_id": 125,
      "symbol": "DUSK",
      "market_type": "perp",
      "base_asset_id": 0,
      "base_asset_symbol": "",
      "quote_asset_id": 0,
      "quote_asset_symbol": "",
      "price_step": null,
      "qty_step": null,
      "min_order_size": null,
      "max_leverage": null,
      "maker_fee": "0.0000",
      "taker_fee": "0.0000",
      "status": "active"
    },
    {
      "market_id": 64,
      "symbol": "ETHFI",
      "market_type": "perp",
      "base_asset_id": 0,
      "base_asset_symbol": "",
      "quote_asset_id": 0,
      "quote_asset_symbol": "",
      "price_step": null,
      "qty_step": null,
      "min_order_size": null,
      "max_leverage": null,
      "maker_fee": "0.0000",
      "taker_fee": "0.0000",
      "status": "active"
    },
    {
      "market_id": 24,
      "symbol": "HYPE",
      "market_type": "perp",
      "base_asset_id": 0,
      "base_asset_symbol": "",
      "quote_asset_id": 0,
      "quote_asset_symbol": "",
      "price_step": null,
      "qty_step": null,
      "min_order_size": null,
      "max_leverage": null,
      "maker_fee": "0.0000",
      "taker_fee": "0.0000",
      "status": "active"
    },
    {
      "market_id": 49,
      "symbol": "EIGEN",
      "market_type": "perp",
      "base_asset_id": 0,
      "base_asset_symbol": "",
      "quote_asset_id": 0,
      "quote_asset_symbol": "",
      "price_step": null,
      "qty_step": null,
      "min_order_size": null,
      "max_leverage": null,
      "maker_fee": "0.0000",
      "taker_fee": "0.0000",
      "status": "active"
    },
    {
      "market_id": 116,
      "symbol": "GOOGL",
      "market_type": "perp",
      "base_asset_id": 0,
      "base_asset_symbol": "",
      "quote_asset_id": 0,
      "quote_asset_symbol": "",
      "price_step": null,
      "qty_step": null,
      "min_order_size": null,
      "max_leverage": null,
      "maker_fee": "0.0000",
      "taker_fee": "0.0000",
      "status": "active"
    },
    {
      "market_id": 80,
      "symbol": "MYX",
      "market_type": "perp",
      "base_asset_id": 0,
      "base_asset_symbol": "",
      "quote_asset_id": 0,
      "quote_asset_symbol": "",
      "price_step": null,
      "qty_step": null,
      "min_order_size": null,
      "max_leverage": null,
      "maker_fee": "0.0000",
      "taker_fee": "0.0000",
      "status": "active"
    },
    {
      "market_id": 2055,
      "symbol": "AZTEC/USDC",
      "market_type": "spot",
      "base_asset_id": 10,
      "base_asset_symbol": "",
      "quote_asset_id": 3,
      "quote_asset_symbol": "",
      "price_step": null,
      "qty_step": null,
      "min_order_size": null,
      "max_leverage": null,
      "maker_fee": "0.0000",
      "taker_fee": "0.0000",
      "status": "active"
    },
    {
      "market_id": 110,
      "symbol": "NVDA",
      "market_type": "perp",
      "base_asset_id": 0,
      "base_asset_symbol": "",
      "quote_asset_id": 0,
      "quote_asset_symbol": "",
      "price_step": null,
      "qty_step": null,
      "min_order_size": null,
      "max_leverage": null,
      "maker_fee": "0.0000",
      "taker_fee": "0.0000",
      "status": "active"
    },
    {
      "market_id": 11,
      "symbol": "DOT",
      "market_type": "perp",
      "base_asset_id": 0,
      "base_asset_symbol": "",
      "quote_asset_id": 0,
      "quote_asset_symbol": "",
      "price_step": null,
      "qty_step": null,
      "min_order_size": null,
      "max_leverage": null,
      "maker_fee": "0.0000",
      "taker_fee": "0.0000",
      "status": "active"
    },
    {
      "market_id": 12,
      "symbol": "TON",
      "market_type": "perp",
      "base_asset_id": 0,
      "base_asset_symbol": "",
      "quote_asset_id": 0,
      "quote_asset_symbol": "",
      "price_step": null,
      "qty_step": null,
      "min_order_size": null,
      "max_leverage": null,
      "maker_fee": "0.0000",
      "taker_fee": "0.0000",
      "status": "active"
    },
    {
      "market_id": 133,
      "symbol": "BIRB",
      "market_type": "perp",
      "base_asset_id": 0,
      "base_asset_symbol": "",
      "quote_asset_id": 0,
      "quote_asset_symbol": "",
      "price_step": null,
      "qty_step": null,
      "min_order_size": null,
      "max_leverage": null,
      "maker_fee": "0.0000",
      "taker_fee": "0.0000",
      "status": "active"
    },
    {
      "market_id": 79,
      "symbol": "SKY",
      "market_type": "perp",
      "base_asset_id": 0,
      "base_asset_symbol": "",
      "quote_asset_id": 0,
      "quote_asset_symbol": "",
      "price_step": null,
      "qty_step": null,
      "min_order_size": null,
      "max_leverage": null,
      "maker_fee": "0.0000",
      "taker_fee": "0.0000",
      "status": "active"
    },
    {
      "market_id": 14,
      "symbol": "POL",
      "market_type": "perp",
      "base_asset_id": 0,
      "base_asset_symbol": "",
      "quote_asset_id": 0,
      "quote_asset_symbol": "",
      "price_step": null,
      "qty_step": null,
      "min_order_size": null,
      "max_leverage": null,
      "maker_fee": "0.0000",
      "taker_fee": "0.0000",
      "status": "active"
    },
    {
      "market_id": 50,
      "symbol": "ARB",
      "market_type": "perp",
      "base_asset_id": 0,
      "base_asset_symbol": "",
      "quote_asset_id": 0,
      "quote_asset_symbol": "",
      "price_step": null,
      "qty_step": null,
      "min_order_size": null,
      "max_leverage": null,
      "maker_fee": "0.0000",
      "taker_fee": "0.0000",
      "status": "active"
    },
    {
      "market_id": 139,
      "symbol": "SNDK",
      "market_type": "perp",
      "base_asset_id": 0,
      "base_asset_symbol": "",
      "quote_asset_id": 0,
      "quote_asset_symbol": "",
      "price_step": null,
      "qty_step": null,
      "min_order_size": null,
      "max_leverage": null,
      "maker_fee": "0.0000",
      "taker_fee": "0.0000",
      "status": "active"
    },
    {
      "market_id": 68,
      "symbol": "MORPHO",
      "market_type": "perp",
      "base_asset_id": 0,
      "base_asset_symbol": "",
      "quote_asset_id": 0,
      "quote_asset_symbol": "",
      "price_step": null,
      "qty_step": null,
      "min_order_size": null,
      "max_leverage": null,
      "maker_fee": "0.0000",
      "taker_fee": "0.0000",
      "status": "active"
    },
    {
      "market_id": 112,
      "symbol": "TSLA",
      "market_type": "perp",
      "base_asset_id": 0,
      "base_asset_symbol": "",
      "quote_asset_id": 0,
      "quote_asset_symbol": "",
      "price_step": null,
      "qty_step": null,
      "min_order_size": null,
      "max_leverage": null,
      "maker_fee": "0.0000",
      "taker_fee": "0.0000",
      "status": "active"
    },
    {
      "market_id": 10,
      "symbol": "NEAR",
      "market_type": "perp",
      "base_asset_id": 0,
      "base_asset_symbol": "",
      "quote_asset_id": 0,
      "quote_asset_symbol": "",
      "price_step": null,
      "qty_step": null,
      "min_order_size": null,
      "max_leverage": null,
      "maker_fee": "0.0000",
      "taker_fee": "0.0000",
      "status": "active"
    },
    {
      "market_id": 35,
      "symbol": "LTC",
      "market_type": "perp",
      "base_asset_id": 0,
      "base_asset_symbol": "",
      "quote_asset_id": 0,
      "quote_asset_symbol": "",
      "price_step": null,
      "qty_step": null,
      "min_order_size": null,
      "max_leverage": null,
      "maker_fee": "0.0000",
      "taker_fee": "0.0000",
      "status": "active"
    },
    {
      "market_id": 97,
      "symbol": "GBPUSD",
      "market_type": "perp",
      "base_asset_id": 0,
      "base_asset_symbol": "",
      "quote_asset_id": 0,
      "quote_asset_symbol": "",
      "price_step": null,
      "qty_step": null,
      "min_order_size": null,
      "max_leverage": null,
      "maker_fee": "0.0000",
      "taker_fee": "0.0000",
      "status": "active"
    },
    {
      "market_id": 52,
      "symbol": "GRASS",
      "market_type": "perp",
      "base_asset_id": 0,
      "base_asset_symbol": "",
      "quote_asset_id": 0,
      "quote_asset_symbol": "",
      "price_step": null,
      "qty_step": null,
      "min_order_size": null,
      "max_leverage": null,
      "maker_fee": "0.0000",
      "taker_fee": "0.0000",
      "status": "active"
    },
    {
      "market_id": 70,
      "symbol": "YZY",
      "market_type": "perp",
      "base_asset_id": 0,
      "base_asset_symbol": "",
      "quote_asset_id": 0,
      "quote_asset_symbol": "",
      "price_step": null,
      "qty_step": null,
      "min_order_size": null,
      "max_leverage": null,
      "maker_fee": "0.0000",
      "taker_fee": "0.0000",
      "status": "active"
    },
    {
      "market_id": 102,
      "symbol": "ICP",
      "market_type": "perp",
      "base_asset_id": 0,
      "base_asset_symbol": "",
      "quote_asset_id": 0,
      "quote_asset_symbol": "",
      "price_step": null,
      "qty_step": null,
      "min_order_size": null,
      "max_leverage": null,
      "maker_fee": "0.0000",
      "taker_fee": "0.0000",
      "status": "active"
    },
    {
      "market_id": 129,
      "symbol": "QQQ",
      "market_type": "perp",
      "base_asset_id": 0,
      "base_asset_symbol": "",
      "quote_asset_id": 0,
      "quote_asset_symbol": "",
      "price_step": null,
      "qty_step": null,
      "min_order_size": null,
      "max_leverage": null,
      "maker_fee": "0.0000",
      "taker_fee": "0.0000",
      "status": "active"
    },
    {
      "market_id": 71,
      "symbol": "XPL",
      "market_type": "perp",
      "base_asset_id": 0,
      "base_asset_symbol": "",
      "quote_asset_id": 0,
      "quote_asset_symbol": "",
      "price_step": null,
      "qty_step": null,
      "min_order_size": null,
      "max_leverage": null,
      "maker_fee": "0.0000",
      "taker_fee": "0.0000",
      "status": "active"
    },
    {
      "market_id": 3,
      "symbol": "DOGE",
      "market_type": "perp",
      "base_asset_id": 0,
      "base_asset_symbol": "",
      "quote_asset_id": 0,
      "quote_asset_symbol": "",
      "price_step": null,
      "qty_step": null,
      "min_order_size": null,
      "max_leverage": null,
      "maker_fee": "0.0000",
      "taker_fee": "0.0000",
      "status": "active"
    },
    {
      "market_id": 17,
      "symbol": "1000SHIB",
      "market_type": "perp",
      "base_asset_id": 0,
      "base_asset_symbol": "",
      "quote_asset_id": 0,
      "quote_asset_symbol": "",
      "price_step": null,
      "qty_step": null,
      "min_order_size": null,
      "max_leverage": null,
      "maker_fee": "0.0000",
      "taker_fee": "0.0000",
      "status": "active"
    },
    {
      "market_id": 66,
      "symbol": "USELESS",
      "market_type": "perp",
      "base_asset_id": 0,
      "base_asset_symbol": "",
      "quote_asset_id": 0,
      "quote_asset_symbol": "",
      "price_step": null,
      "qty_step": null,
      "min_order_size": null,
      "max_leverage": null,
      "maker_fee": "0.0000",
      "taker_fee": "0.0000",
      "status": "active"
    },
    {
      "market_id": 1,
      "symbol": "BTC",
      "market_type": "perp",
      "base_asset_id": 0,
      "base_asset_symbol": "",
      "quote_asset_id": 0,
      "quote_asset_symbol": "",
      "price_step": null,
      "qty_step": null,
      "min_order_size": null,
      "max_leverage": null,
      "maker_fee": "0.0000",
      "taker_fee": "0.0000",
      "status": "active"
    },
    {
      "market_id": 131,
      "symbol": "AXS",
      "market_type": "perp",
      "base_asset_id": 0,
      "base_asset_symbol": "",
      "quote_asset_id": 0,
      "quote_asset_symbol": "",
      "price_step": null,
      "qty_step": null,
      "min_order_size": null,
      "max_leverage": null,
      "maker_fee": "0.0000",
      "taker_fee": "0.0000",
      "status": "active"
    },
    {
      "market_id": 76,
      "symbol": "LINEA",
      "market_type": "perp",
      "base_asset_id": 0,
      "base_asset_symbol": "",
      "quote_asset_id": 0,
      "quote_asset_symbol": "",
      "price_step": null,
      "qty_step": null,
      "min_order_size": null,
      "max_leverage": null,
      "maker_fee": "0.0000",
      "taker_fee": "0.0000",
      "status": "active"
    },
    {
      "market_id": 6,
      "symbol": "WLD",
      "market_type": "perp",
      "base_asset_id": 0,
      "base_asset_symbol": "",
      "quote_asset_id": 0,
      "quote_asset_symbol": "",
      "price_step": null,
      "qty_step": null,
      "min_order_size": null,
      "max_leverage": null,
      "maker_fee": "0.0000",
      "taker_fee": "0.0000",
      "status": "active"
    },
    {
      "market_id": 2051,
      "symbol": "UNI/USDC",
      "market_type": "spot",
      "base_asset_id": 6,
      "base_asset_symbol": "",
      "quote_asset_id": 3,
      "quote_asset_symbol": "",
      "price_step": null,
      "qty_step": null,
      "min_order_size": null,
      "max_leverage": null,
      "maker_fee": "0.0000",
      "taker_fee": "0.0000",
      "status": "active"
    },
    {
      "market_id": 34,
      "symbol": "IP",
      "market_type": "perp",
      "base_asset_id": 0,
      "base_asset_symbol": "",
      "quote_asset_id": 0,
      "quote_asset_symbol": "",
      "price_step": null,
      "qty_step": null,
      "min_order_size": null,
      "max_leverage": null,
      "maker_fee": "0.0000",
      "taker_fee": "0.0000",
      "status": "active"
    },
    {
      "market_id": 82,
      "symbol": "AVNT",
      "market_type": "perp",
      "base_asset_id": 0,
      "base_asset_symbol": "",
      "quote_asset_id": 0,
      "quote_asset_symbol": "",
      "price_step": null,
      "qty_step": null,
      "min_order_size": null,
      "max_leverage": null,
      "maker_fee": "0.0000",
      "taker_fee": "0.0000",
      "status": "active"
    },
    {
      "market_id": 132,
      "symbol": "ARC",
      "market_type": "perp",
      "base_asset_id": 0,
      "base_asset_symbol": "",
      "quote_asset_id": 0,
      "quote_asset_symbol": "",
      "price_step": null,
      "qty_step": null,
      "min_order_size": null,
      "max_leverage": null,
      "maker_fee": "0.0000",
      "taker_fee": "0.0000",
      "status": "active"
    },
    {
      "market_id": 86,
      "symbol": "APEX",
      "market_type": "perp",
      "base_asset_id": 0,
      "base_asset_symbol": "",
      "quote_asset_id": 0,
      "quote_asset_symbol": "",
      "price_step": null,
      "qty_step": null,
      "min_order_size": null,
      "max_leverage": null,
      "maker_fee": "0.0000",
      "taker_fee": "0.0000",
      "status": "active"
    },
    {
      "market_id": 124,
      "symbol": "FOGO",
      "market_type": "perp",
      "base_asset_id": 0,
      "base_asset_symbol": "",
      "quote_asset_id": 0,
      "quote_asset_symbol": "",
      "price_step": null,
      "qty_step": null,
      "min_order_size": null,
      "max_leverage": null,
      "maker_fee": "0.0000",
      "taker_fee": "0.0000",
      "status": "active"
    },
    {
      "market_id": 45,
      "symbol": "PUMP",
      "market_type": "perp",
      "base_asset_id": 0,
      "base_asset_symbol": "",
      "quote_asset_id": 0,
      "quote_asset_symbol": "",
      "price_step": null,
      "qty_step": null,
      "min_order_size": null,
      "max_leverage": null,
      "maker_fee": "0.0000",
      "taker_fee": "0.0000",
      "status": "active"
    },
    {
      "market_id": 100,
      "symbol": "USDCAD",
      "market_type": "perp",
      "base_asset_id": 0,
      "base_asset_symbol": "",
      "quote_asset_id": 0,
      "quote_asset_symbol": "",
      "price_step": null,
      "qty_step": null,
      "min_order_size": null,
      "max_leverage": null,
      "maker_fee": "0.0000",
      "taker_fee": "0.0000",
      "status": "active"
    },
    {
      "market_id": 144,
      "symbol": "AZTEC",
      "market_type": "perp",
      "base_asset_id": 0,
      "base_asset_symbol": "",
      "quote_asset_id": 0,
      "quote_asset_symbol": "",
      "price_step": null,
      "qty_step": null,
      "min_order_size": null,
      "max_leverage": null,
      "maker_fee": "0.0000",
      "taker_fee": "0.0000",
      "status": "active"
    },
    {
      "market_id": 77,
      "symbol": "XMR",
      "market_type": "perp",
      "base_asset_id": 0,
      "base_asset_symbol": "",
      "quote_asset_id": 0,
      "quote_asset_symbol": "",
      "price_step": null,
      "qty_step": null,
      "min_order_size": null,
      "max_leverage": null,
      "maker_fee": "0.0000",
      "taker_fee": "0.0000",
      "status": "active"
    },
    {
      "market_id": 85,
      "symbol": "STBL",
      "market_type": "perp",
      "base_asset_id": 0,
      "base_asset_symbol": "",
      "quote_asset_id": 0,
      "quote_asset_symbol": "",
      "price_step": null,
      "qty_step": null,
      "min_order_size": null,
      "max_leverage": null,
      "maker_fee": "0.0000",
      "taker_fee": "0.0000",
      "status": "active"
    },
    {
      "market_id": 136,
      "symbol": "XCU",
      "market_type": "perp",
      "base_asset_id": 0,
      "base_asset_symbol": "",
      "quote_asset_id": 0,
      "quote_asset_symbol": "",
      "price_step": null,
      "qty_step": null,
      "min_order_size": null,
      "max_leverage": null,
      "maker_fee": "0.0000",
      "taker_fee": "0.0000",
      "status": "active"
    },
    {
      "market_id": 33,
      "symbol": "KAITO",
      "market_type": "perp",
      "base_asset_id": 0,
      "base_asset_symbol": "",
      "quote_asset_id": 0,
      "quote_asset_symbol": "",
      "price_step": null,
      "qty_step": null,
      "min_order_size": null,
      "max_leverage": null,
      "maker_fee": "0.0000",
      "taker_fee": "0.0000",
      "status": "active"
    },
    {
      "market_id": 90,
      "symbol": "ZEC",
      "market_type": "perp",
      "base_asset_id": 0,
      "base_asset_symbol": "",
      "quote_asset_id": 0,
      "quote_asset_symbol": "",
      "price_step": null,
      "qty_step": null,
      "min_order_size": null,
      "max_leverage": null,
      "maker_fee": "0.0000",
      "taker_fee": "0.0000",
      "status": "active"
    },
    {
      "market_id": 137,
      "symbol": "INTC",
      "market_type": "perp",
      "base_asset_id": 0,
      "base_asset_symbol": "",
      "quote_asset_id": 0,
      "quote_asset_symbol": "",
      "price_step": null,
      "qty_step": null,
      "min_order_size": null,
      "max_leverage": null,
      "maker_fee": "0.0000",
      "taker_fee": "0.0000",
      "status": "active"
    },
    {
      "market_id": 0,
      "symbol": "ETH",
      "market_type": "perp",
      "base_asset_id": 0,
      "base_asset_symbol": "",
      "quote_asset_id": 0,
      "quote_asset_symbol": "",
      "price_step": null,
      "qty_step": null,
      "min_order_size": null,
      "max_leverage": null,
      "maker_fee": "0.0000",
      "taker_fee": "0.0000",
      "status": "active"
    },
    {
      "market_id": 105,
      "symbol": "USDKRW",
      "market_type": "perp",
      "base_asset_id": 0,
      "base_asset_symbol": "",
      "quote_asset_id": 0,
      "quote_asset_symbol": "",
      "price_step": null,
      "qty_step": null,
      "min_order_size": null,
      "max_leverage": null,
      "maker_fee": "0.0000",
      "taker_fee": "0.0000",
      "status": "active"
    },
    {
      "market_id": 44,
      "symbol": "SYRUP",
      "market_type": "perp",
      "base_asset_id": 0,
      "base_asset_symbol": "",
      "quote_asset_id": 0,
      "quote_asset_symbol": "",
      "price_step": null,
      "qty_step": null,
      "min_order_size": null,
      "max_leverage": null,
      "maker_fee": "0.0000",
      "taker_fee": "0.0000",
      "status": "active"
    },
    {
      "market_id": 2,
      "symbol": "SOL",
      "market_type": "perp",
      "base_asset_id": 0,
      "base_asset_symbol": "",
      "quote_asset_id": 0,
      "quote_asset_symbol": "",
      "price_step": null,
      "qty_step": null,
      "min_order_size": null,
      "max_leverage": null,
      "maker_fee": "0.0000",
      "taker_fee": "0.0000",
      "status": "active"
    },
    {
      "market_id": 40,
      "symbol": "S",
      "market_type": "perp",
      "base_asset_id": 0,
      "base_asset_symbol": "",
      "quote_asset_id": 0,
      "quote_asset_symbol": "",
      "price_step": null,
      "qty_step": null,
      "min_order_size": null,
      "max_leverage": null,
      "maker_fee": "0.0000",
      "taker_fee": "0.0000",
      "status": "active"
    }
  ],
  "token_map": {}
}