[
  {
    "name": "deposit/history",
    "success": true,
    "records": 0,
    "error": ""
  },
  {
    "name": "withdraw/history",
    "success": true,
    "records": 0,
    "error": ""
  },
  {
    "name": "l1Metadata",
    "success": false,
    "records": 0,
    "error": "Request failed after retries: https://mainnet.zklighter.elliot.ai/api/v1/l1Metadata; last_error=HTTP 401: {\"code\":20013,\"message\":\"invalid auth: invalid auth string\"}"
  },
  {
    "name": "explorer.logs[6183]",
    "success": true,
    "records": 663,
    "error": ""
  },
  {
    "name": "explorer.logs[0x6DbAF85a8Bb5753EB39CD5c4653BEE164f211987]",
    "success": true,
    "records": 663,
    "error": ""
  },
  {
    "name": "trades",
    "success": true,
    "records": 1577,
    "error": ""
  },
  {
    "name": "accountTrades",
    "success": false,
    "records": 0,
    "error": "Request failed after retries: https://mainnet.zklighter.elliot.ai/api/v1/accountTrades; last_error=HTTP 403: "
  },
  {
    "name": "explorer.trade_logs[6183]",
    "success": true,
    "records": 627,
    "error": ""
  },
  {
    "name": "explorer.trade_logs[0x6DbAF85a8Bb5753EB39CD5c4653BEE164f211987]",
    "success": true,
    "records": 627,
    "error": ""
  },
  {
    "name": "account",
    "success": true,
    "records": 1,
    "error": ""
  },
  {
    "name": "account/balanceHistory",
    "success": false,
    "records": 0,
    "error": "Request failed after retries: https://mainnet.zklighter.elliot.ai/api/v1/account/balanceHistory; last_error=HTTP 403: "
  },
  {
    "name": "account/history",
    "success": false,
    "records": 0,
    "error": "Request failed after retries: https://mainnet.zklighter.elliot.ai/api/v1/account/history; last_error=HTTP 403: "
  },
  {
    "name": "balance/history",
    "success": false,
    "records": 0,
    "error": "Request failed after retries: https://mainnet.zklighter.elliot.ai/api/v1/balance/history; last_error=HTTP 403: "
  },
  {
    "name": "explorer.airdrop[6183]",
    "success": true,
    "records": 0,
    "error": ""
  },
  {
    "name": "explorer.airdrop[0x6DbAF85a8Bb5753EB39CD5c4653BEE164f211987]",
    "success": true,
    "records": 0,
    "error": ""
  }
]